CompanyName,MatchingName,SimilarityScore
3I GROUP,3I GROUP PLC,0.8
3M CO,3M CO,1.0
ABB LTD,ABB LTD,1.0
ABBOTT LABORATORIES,ABBOTT LABORATORIES,1.0
ABBVIE,ABBVIE INC,0.75
ABN AMRO BANK,ABN AMRO BANK N/EQ,0.8387096774193549
ABRDN,ARCADIS NV,0.5333333333333333
ACCENTURE A,ACCENTURE PLC,0.8333333333333334
ACCIONA,ACCIONA SA,0.8235294117647058
ACCIONA ENERGIA,ACCIONA SA,0.72
ACCOR,ACCOR SA,0.7692307692307693
ACS ACTIV CONST Y SVCS,ACS ACTIVIDADES DE CONSTRCCN Y SRVCOS SA,0.7096774193548387
ACTIVISION BLIZZARD,"ACTIVISION BLIZZARD, INC.",0.8636363636363636
ADECCO GROUP,ADECCO GROUP AG,0.8888888888888888
ADEVINTA,ADVINI SA,0.7058823529411765
ADIDAS,ADIDAS AG,0.8
ADMIRAL GROUP,ADMIRAL GROUP PLC,0.8666666666666667
ADOBE,ADOBE INC,0.7142857142857143
ADP,ADAMS PLC,0.5
ADVANCE AUTO PARTS,"ADVANCE AUTO PARTS, INC.",0.8571428571428571
ADVANCED MICRO DEVICES,"ADVANCED MICRO DEVICES, INC.",0.88
ADVANTEST CORP,ADVANTEST CORP,1.0
ADYEN NV,ADYEN NV,1.0
AECOM,AECOM,1.0
AEGON,AEGON N.V.,0.6666666666666666
AENA,ALTEN SA,0.6666666666666666
AEON CO,AEGION CORP,0.7777777777777778
AERCAP HOLDINGS NV,AERCAP HOLDINGS N.V.,0.9473684210526315
AES CORP,AES CORP,1.0
AFLAC,AFYA,0.6666666666666666
AGC,AGC INC,0.6
AGEAS,AGEAS SA,0.7692307692307693
AGILENT TECHNOLOGIES,AGILENT TECHNOLOGIES INC,0.9090909090909091
AGNICO EAGLE MINES,AGNICO EAGLE MINES LTD,0.9
AHOLD DELHAIZE,AHB HOLDINGS BERHAD,0.5454545454545454
AIA GROUP,APA GROUP,0.8888888888888888
AIB GROUP,ABO GROUP,0.8888888888888888
AIR CANADA VV,AIR CANADA,0.8695652173913043
AIR LIQUIDE,AIR LIQUIDE SA,0.88
AIR PRODUCTS & CHEMICALS,"AIR PRODUCTS & CHEMICALS, INC.",0.8888888888888888
AIRBNB A,"AIRBNB, INC.",0.7
AIRBUS,AIRBUS SE,0.8
AISIN CORP,ASICS CORP,0.8
AJINOMOTO CO,AJINOMOTO CO INC,0.8571428571428571
AKAMAI TECHNOLOGIES,"AKAMAI TECHNOLOGIES, INC.",0.8636363636363636
AKER BP,AKER BP ASA,0.7777777777777778
AKZO NOBEL,AKZO NOBEL NV,0.8695652173913043
ALBEMARLE CORP,ALBEMARLE CORPORATION,0.8
ALCOA (NEW),ALBA SE,0.5555555555555556
ALCON,ALCON AG,0.7692307692307693
ALEXANDRIA REAL ESTATE,ALEXANDRIA REAL ESTATE EQUITIES INC,0.7719298245614035
ALFA LAVAL,ALFA LAVAL AB,0.8695652173913043
ALGONQUIN POWER & UTL,ALGONQUIN POWER & UTILITIES COR,0.8076923076923077
ALIGN TECHNOLOGY,"ALIGN TECHNOLOGY, INC.",0.8421052631578947
ALIMENTATION COUCHE,ALIMENTATION COUCHE-TARD INC.,0.7916666666666666
ALLEGION,ALLEGION PLC,0.8
ALLIANT ENERGY CORP,ALLIANT ENERGY CORPORATION,0.8444444444444444
ALLIANZ,ALLIANZ SE,0.8235294117647058
ALLSTATE CORP,ALLSTATE CORP,1.0
ALLY FINANCIAL,ALLY FINANCIAL INC,0.875
ALNYLAM PHARMACEUTICALS,"ALNYLAM PHARMACEUTICALS, INC.",0.8846153846153846
ALPHABET A,ALPHABET INC.,0.782608695652174
ALPHABET C,ALPHABET INC.,0.8695652173913043
ALSTOM,ALSTOM SA,0.8
ALTAGAS,ALTAGAS LTD,0.7777777777777778
ALTRIA GROUP,ALTRIA GROUP INC,0.8571428571428571
AMADEUS IT GROUP A,AMADEUS IT GROUP SA,0.972972972972973
AMAZON.COM,"AMAZON.COM, INC.",0.7692307692307693
AMCOR,AMERCO,0.7272727272727273
AMEREN CORPORATION,AMEREN CORPORATION,1.0
AMERICAN ELECTRIC POWER,AMERICAN ELECTRIC POWER COMPANY INC,0.7931034482758621
AMERICAN EXPRESS,AMERICAN EXPRESS COMPANY,0.8
AMERICAN FINANCIAL GROUP,"AMERICAN FINANCIAL GROUP, INC.",0.8888888888888888
AMERICAN HOMES 4 RENT A,AMERICAN HOMES 4 RENT,0.9545454545454546
AMERICAN INTL GROUP,AMERICAN RETAIL GROUP INC,0.7727272727272727
AMERICAN TOWER CORP,AMERICAN TOWER CORP,1.0
AMERICAN WATER WORKS CO,AMERICAN WATER WORKS COMPANY INC,0.8363636363636363
AMERIPRISE FINANCIAL,"AMERIPRISE FINANCIAL, INC.",0.8695652173913043
AMERISOURCEBERGEN,AMERISOURCEBERGEN CORP.,0.85
AMETEK,"AMETEK, INC.",0.6666666666666666
AMGEN,AMGEN INC.,0.6666666666666666
AMPHENOL CORP,AMPHENOL CORPORATION,0.7878787878787878
AMPLIFON,AMPLIFON SPA,0.8
AMPOL,ABCAM PLC,0.5714285714285714
AMUNDI,AMUNDI SA,0.8
ANA HOLDINGS,ANA HOLDINGS INC,0.8571428571428571
ANALOG DEVICES,"ANALOG DEVICES, INC.",0.8235294117647058
ANGLO AMERICAN,ANGLO AMERICAN PLC,0.875
ANHEUSER-BUSCH INBEV,ANHEUSER BUSCH INBEV NV,0.8837209302325582
ANNALY CAPITAL MGMT,ANNALY CAP MGMT/SH,0.8108108108108109
ANSYS,"ANSYS, INC.",0.625
ANTOFAGASTA,ANTOFAGASTA PLC,0.8461538461538461
ANZ GROUP HOLDINGS,AM GROUP HOLDINGS LTD,0.8205128205128205
AON PLC A,AON PLC,0.875
AP MOLLER MAERSK A,AP MOELLER MAERSK A/S CLASS A,0.7659574468085106
AP MOLLER MAERSK B,AP MOELLER MAERSK A/S CLASS B,0.7659574468085106
APA CORPORATION,ALPHA CORPORATION,0.9375
APA GROUP,APA GROUP,1.0
APOLLO GLOBAL MGMT A,"APOLLO GLOBAL MANAGEMENT, LLC",0.7755102040816326
APPLE,APPLE INC.,0.6666666666666666
APPLIED MATERIALS,"APPLIED MATERIALS, INC.",0.85
APTIV PLC,APTIV PLC,1.0
ARAMARK,ARAMARK,1.0
ARC RESOURCES,ARC RESOURCES LTD,0.8666666666666667
ARCELORMITTAL A,ARCELORMITTAL SA,0.967741935483871
ARCH CAPITAL GROUP,ARCH CAPITAL GROUP LTD.,0.8780487804878049
ARCHER-DANIELS-MIDLAND,ARCHER DANIELS MIDLAND CO,0.851063829787234
ARES MANAGEMENT CORP,ARES MANAGEMENT CORPORATION,0.851063829787234
ARGEN X,ARGENX SE,0.75
ARISTA NETWORKS,ARISTA NETWORKS INC,0.8823529411764706
ARISTOCRAT LEISURE,ARISTOCRAT LEISURE LIMITED,0.8181818181818182
ARKEMA,ARKEMA SA,0.8
AROUNDTOWN,AROUNDTOWN SA,0.8695652173913043
ARROW ELECTRONICS,"ARROW ELECTRONICS, INC.",0.85
ASAHI GROUP HOLDINGS,ASAHI GROUP HOLDINGS LTD,0.9090909090909091
ASAHI INTECC CO,"ASAHI INTECC CO.,LTD.",0.8333333333333334
ASAHI KASEI CORP,ASAHI KASEI CORP,1.0
ASHTEAD GROUP,ASHTEAD GROUP PLC,0.8666666666666667
ASM INTERNATIONAL,ASM INTERNATIONAL NV,0.918918918918919
ASML HLDG,ASML HOLDING NV,0.75
ASPEN TECHNOLOGY,"ASPEN TECHNOLOGY, INC.",0.8421052631578947
ASSA ABLOY B,ASSA ABLOY AB,0.96
ASSICURAZIONI GENERALI,ASSICURAZIONI GENERALI SPA,0.9166666666666666
ASSOCIATED BRITISH FOODS,ASSOCIATED BRITISH FOODS PLC,0.9230769230769231
ASSURANT,"ASSURANT, INC.",0.7272727272727273
ASTELLAS PHARMA,ASTELLAS PHARMA INC,0.8823529411764706
ASTRAZENECA,ASTRAZENECA PLC,0.8461538461538461
ASX,AXA,0.6666666666666666
AT&T,AT&T INC.,0.6153846153846154
ATLAS COPCO A,ATLAS COPCO AB,0.9629629629629629
ATLAS COPCO B,ATLAS COPCO AB,0.9629629629629629
ATLASSIAN (US),ATLANTIA SPA,0.6153846153846154
ATMOS ENERGY CORP,ALAMO ENERGY CORP.,0.8571428571428571
AUCKLAND INTL AIRPORT,AUCKLAND INTERNATIONAL AIRPORT LIMITED,0.711864406779661
AURIZON HOLDINGS,AURIZON HOLDINGS LTD,0.8888888888888888
AUTO TRADER GROUP,AUTO TRADER GROUP PLC,0.8947368421052632
AUTODESK,"AUTODESK, INC.",0.7272727272727273
AUTOMATIC DATA PROCESS,AUTOMATIC DATA PROCESSING,0.9361702127659575
AUTOZONE,"AUTOZONE, INC.",0.7272727272727273
AVALONBAY COMMUNITIES,AVALONBAY COMMUNITIES INC,0.9130434782608695
AVANTOR,"AVANTOR, INC.",0.7
AVERY DENNISON CORP,AVERY DENNISON CORP,1.0
AVIVA,AVIVA PLC,0.7142857142857143
AXA,AXA,1.0
AXON ENTERPRISE,AXON ENTERPRISE INC,0.8823529411764706
AZBIL CORP,AZBIL CORP,1.0
AZRIELI GROUP,AZRIELI GROUP LTD,0.8666666666666667
BACHEM HOLDING B,BACHEM HOLDING AG,0.9090909090909091
BAE SYSTEMS,BAE SYSTEMS PLC,0.8461538461538461
BAKER HUGHES CO,BAKER HUGHES COMPANY,0.8571428571428571
BALL CORP,BRADY CORP,0.7368421052631579
BALOISE HOLDING,BALOISE HOLDING AG,0.9090909090909091
BANCO SANTANDER,BANCO SANTANDER SA,0.9090909090909091
BANDAI NAMCO HOLDINGS,BANDAI NAMCO HOLDINGS INC,0.9130434782608695
BANK HAPOALIM,BANK HAPOALIM B.M.,0.8387096774193549
BANK LEUMI LE-ISRAEL,BANK LEUMI LE ISRAEL BM,0.8837209302325582
BANK MONTREAL,BANK OF MONTREAL,0.896551724137931
BANK NEW YORK MELLON,BANK OF NEW YORK MELLON CORP,0.8333333333333334
BANK NOVA SCOTIA,BANK OF NOVA SCOTIA,0.9142857142857143
BANK OF AMERICA CORP,BANK OF AMERICA CORP,1.0
BANK OF IRELAND GROUP,BANK OF IRELAND GROUP PLC,0.9130434782608695
BANQUE CANTONALE VAUDOIS,BANQUE CANTONALE VAUDOISE,0.9795918367346939
BARCLAYS,BARCLAYS PLC,0.8
BARRATT DEVELOPMENTS,BARRATT DEVELOPMENTS PLC,0.9090909090909091
BARRICK GOLD CORP,BARRICK GOLD CORP,1.0
BARRY CALLEBAUT,BARRY CALLEBAUT AG,0.9090909090909091
BASF,BASF SE,0.7272727272727273
BATH & BODY WORKS,BED BATH & BEYOND INC.,0.5641025641025641
BAXTER INTERNATIONAL,BAXTER INTERNATIONAL INC,0.9090909090909091
BAYCURRENT CONSULTING,"BAYCURRENT CONSULTING,INC.",0.8936170212765957
BAYER,BAYER AG,0.7692307692307693
BBVA,BBVA CEDEAR,0.5333333333333333
BCE INC,BCE INC.,0.9333333333333333
BECHTLE,BECHTLE AG,0.8235294117647058
BECTON DICKINSON,BECTON DICKINSON AND CO,0.8205128205128205
BEIERSDORF,BEIERSDORF AG,0.8695652173913043
BENTLEY SYSTEMS B,BENEFIT SYSTEMS SA,0.7428571428571429
BERKELEY GRP HLDGS,BERKELEY GRP HO/ADR,0.8108108108108109
BERKLEY (W.R.) CORP,BELLE ISLE CORP.,0.5714285714285714
BERKSHIRE HATHAWAY B,BERKSHIRE HATHAWAY INC.,0.8837209302325582
BEST BUY CO,BEST BUY CO INC,0.8461538461538461
BEZEQ ISRAEL TELECOM,BEZEQ THE ISRAELI TELECOMUNICTN CORP LTD,0.6666666666666666
BHP GROUP (AU),BHP GROUP,0.782608695652174
BILL HOLDINGS,BURWILL HOLDINGS LTD,0.7878787878787878
BIO-RAD LABORATORIES A,"BIO-RAD LABORATORIES, INC.",0.875
BIO-TECHNE CORP,BIO-TECHNE CORP,1.0
BIOGEN,BIOGEN INC,0.75
BIOMARIN PHARMACEUTICAL,BIOMARIN PHARMACEUTICAL INC.,0.9019607843137255
BIOMERIEUX,BIOMERIEUX SA,0.8695652173913043
BKW,BKW AG,0.6666666666666666
BLACK KNIGHT,"BLACK KNIGHT, INC.",0.8
BLACKROCK A,"BLACKROCK, INC.",0.7692307692307693
BLACKSTONE GROUP,BLACKSTONE GROUP LP,0.9142857142857143
BLOCK,BP PLC,0.5454545454545454
BLUESCOPE STEEL,BLUESCOPE STEEL LIMITED,0.7894736842105263
BMW STAMM,BIOMM SA,0.5882352941176471
BMW VORZUG,BWP TRUST,0.5263157894736842
BNP PARIBAS,BNP PARIBAS SA,0.88
BOC HONG KONG HOLDINGS,BOC HONG KONG (HOLDINGS) LTD,0.88
BOEING CO,BOEING CO,1.0
BOLIDEN,BOLIDEN AB,0.8235294117647058
BOLLORE,BOLLORE,1.0
BOOKING HOLDINGS,BOOKING HOLDINGS INC,0.8888888888888888
BOOZ ALLEN HAMILTON A,BOOZ ALLEN HAMILTON HOLDING CORPORATION,0.7
BORGWARNER,BORGWARNER INC.,0.8
BOSTON PROPERTIES,"BOSTON PROPERTIES, INC.",0.85
BOSTON SCIENTIFIC CORP,BOSTON SCIENTIFIC CORPORATION,0.8627450980392157
BOUYGUES,BOUYGUES SA,0.8421052631578947
BP,BF SPA,0.5
BRAMBLES,BRAMBLES LIMITED,0.6666666666666666
BRENNTAG,BRENNTAG AG,0.8421052631578947
BRIDGESTONE CORP,BRIDGESTONE CORP,1.0
BRISTOL-MYERS SQUIBB CO,BRISTOL-MYERS SQUIBB CO,1.0
BRITISH AMERICAN TOBACCO,BRITISH AMERICAN TOBACCO PLC,0.9230769230769231
BRITISH LAND CO,BRITISH LAND COMPANY PLC,0.7692307692307693
BROADCOM,BROADCOM INC.,0.7619047619047619
BROADRIDGE FINANCIAL,"BROADRIDGE FINANCIAL SOLUTIONS, INC.",0.7142857142857143
BROOKFIELD ASSET MAN LTD,BROOKFIELD ASSET MANAGEMENT INC,0.7636363636363637
BROOKFIELD CORP A,BATERO GOLD CORP,0.6666666666666666
BROOKFIELD RENEWABLE,BROOKFIELD RENEWABLE PARTNERS LP,0.7692307692307693
BROTHER INDUSTRIES,BROTHER INDUSTRIES LTD,0.9
BROWN & BROWN,"BROWN & BROWN, INC.",0.8125
BROWN-FORMAN CORP B,BROWN-FORMAN CORPORATION CLASS B,0.7450980392156863
BRP INC SV,BRP INC,0.8235294117647058
BT GROUP,BHP GROUP,0.8235294117647058
BUDWEISER BREWING CO,BUDWEISER BREWING COMPANY APAC LTD,0.7407407407407407
BUNGE,BUNGE LTD,0.7142857142857143
BUNZL,BUNZL PLC,0.7142857142857143
BURBERRY GROUP,BURBERRY GROUP PLC,0.875
BUREAU VERITAS SA,BUREAU VERITAS SA,1.0
BURLINGTON STORES,BURLINGTON STORES INC,0.8947368421052632
CADENCE DESIGN SYSTEMS,CADENCE DESIGN SYSTEMS INC,0.9166666666666666
CAE,CAE INC,0.6
CAESARS ENT INC,CATALENT INC,0.7407407407407407
CAIXABANK,CAIXABANK SA,0.8571428571428571
CAMDEN PROPERTY TRUST,CAMDEN PROPERTY TRUST,1.0
CAMECO CORP,CAMECO CORP,1.0
CAMPBELL SOUP,CAMPBELL SOUP COMPANY,0.7647058823529411
CANADIAN APT PPTYS REIT,CANADIAN APARTMENT PROPERTIES REIT,0.7719298245614035
CANADIAN IMPERIAL BANK,CANADIAN IMPERIAL BANK OF COMMERCE,0.7857142857142857
CANADIAN NAT RESOURCES,CANADIAN NATURAL RESOURCES LTD,0.8461538461538461
CANADIAN NATL RAILWAY,CANADIAN NATIONAL RAILWAY,0.9130434782608695
CANADIAN TIRE CORP A,CANADIAN BANC CORP,0.7368421052631579
CANADIAN UTILITIES A,CANADIAN UTILITIES LIMITED,0.8260869565217391
CANON INC,CANON INC,1.0
CAPCOM CO,"CAPCOM CO.,LTD.",0.75
CAPGEMINI,CAPGEMINI SE,0.8571428571428571
CAPITAL ONE FINANCIAL,CAPITAL ONE FINANCIAL CORP.,0.875
CAPITALAND ASCENDAS REIT,CAPITALAND MALL TRUST,0.6222222222222222
CAPITALAND INTEGRATED,CAPITALAND LIMITED,0.7692307692307693
CAPITALAND INVESTMENT,CAPITOL INVESTMENT CORP. V,0.723404255319149
CARDINAL HEALTH,CARDINAL HEALTH INC,0.8823529411764706
CARL ZEISS MEDITEC,CARL ZEISS MEDITEC AG,0.9230769230769231
CARLISLE COS,"CARLISLE COMPANIES, INC.",0.6666666666666666
CARLSBERG B,CARLSBERG A/S,0.8333333333333334
CARLYLE GROUP,CROMWELL GROUP,0.7407407407407407
CARMAX,"CARMAX, INC",0.7058823529411765
CARNIVAL CORP (US),CARNIVAL CORP,0.8387096774193549
CARREFOUR,CARREFOUR SA,0.8571428571428571
CARRIER GLOBAL,CARRIER GLOBAL CORPORATION,0.7
CATALENT,CATALENT INC,0.8
CATERPILLAR,CATERPILLAR INC.,0.8148148148148148
CBOE GLOBAL MARKETS,CBOE GLOBAL MARKETS INC,0.9047619047619048
CBRE GROUP,"CBRE GROUP, INC.",0.7692307692307693
CCL INDUSTRIES B,CCL INDUSTRIES INC.,0.8571428571428571
CDW CORP,CJ CORP,0.8
CELANESE CORP,CENTENE CORP,0.8
CELLNEX TELECOM,CELLNEX TELECOM SA,0.9090909090909091
CENOVUS ENERGY,CENOVUS ENERGY INC,0.875
CENTENE CORP,CENTENE CORP,1.0
CENTERPOINT ENERGY,"CENTERPOINT ENERGY, INC.",0.8571428571428571
CENTRAL JAPAN RAILWAY CO,CENTRAL JAPAN RAILWAY COMPANY,0.9056603773584906
CERIDIAN HCM HOLDING,CERIDIAN HCM HOLDING INC.,0.8888888888888888
CF INDUSTRIES HOLDINGS,"CF INDUSTRIES HOLDINGS, INC.",0.88
CGI A,CGG SA,0.7272727272727273
CH ROBINSON WORLDWIDE,C.H. ROBINSON WORLDWIDE INC,0.875
CHARLES RIVER LABS INTL,CHARLES RIVER LABORATORIES INTL. INC,0.7796610169491526
CHARTER COMM A (NEW),CHARTER OAK BANK,0.6666666666666666
CHECK POINT SOFTW (USD),CHECK POINT SOFTWARE TECHNOLOGIES LTD.,0.6557377049180327
CHENIERE ENERGY,"CHENIERE ENERGY, INC.",0.8333333333333334
CHESAPEAKE ENERGY CORP,CHESAPEAKE ENERGY CORPORATION,0.8627450980392157
CHEVRON CORP,CHEVRON CORP/SH,0.8888888888888888
CHEWY A,"CHEWY, INC.",0.6666666666666666
CHIBA BANK,CHIBA BANK LTD,0.8333333333333334
CHIPOTLE MEXICAN GRILL A,"CHIPOTLE MEXICAN GRILL, INC.",0.8846153846153846
CHRISTIAN HANSEN HOLDING,CHR HANSEN HOLDING A/S,0.782608695652174
CHUBB,CHUBB LTD,0.7142857142857143
CHUBU ELECTRIC POWER CO,CHUBU ELECTRIC POWER CO INC,0.92
CHUGAI PHARMACEUTICAL CO,CHUGAI PHARMACEUTICAL CO LTD,0.9230769230769231
CHURCH & DWIGHT CO,"CHURCH & DWIGHT CO., INC.",0.8372093023255814
CINCINNATI FINL CORP,CINCINNATI BANCORP,0.8421052631578947
CINTAS CORP,CIGNA CORP,0.8571428571428571
CISCO SYSTEMS,"CISCO SYSTEMS, INC.",0.8125
CITIGROUP,CITIGROUP INC,0.8181818181818182
CITIZENS FINANCIAL GROUP,CITIZENS FINANCIAL GROUP INC,0.9230769230769231
CITY DEVELOPMENTS,CITY DEVELOPMENTS LIMITED,0.8095238095238095
CK ASSET HOLDINGS,CK ASSET HOLDINGS LTD,0.8947368421052632
CK HUTCHISON HOLDINGS,CK HUTCHISON HOLDINGS LTD,0.9130434782608695
CK INFRASTRUCTURE HLDGS,CK INFRASTRUCTURE HOLDINGS LTD,0.8679245283018868
CLARIANT,CLARIANT AG,0.8421052631578947
CLARIVATE,CLARIANT AG,0.7
CLEVELAND CLIFFS,CLEVELAND-CLIFFS INC,0.8333333333333334
CLOROX CO,CLOROX CO,1.0
CLOUDFLARE A,"CLOUDFLARE, INC.",0.7857142857142857
CLP HOLDINGS,CLS HOLDINGS PLC,0.7857142857142857
CME GROUP,CME GROUP BHD,0.8181818181818182
CMS ENERGY CORP,CF ENERGY CORP,0.896551724137931
CNH INDUSTRIAL,CNH INDUSTRIAL NV,0.9032258064516129
COCA COLA (THE),COCA COLA CO/SH,0.7333333333333333
COCA COLA EUROPAC (US),COCA COLA CO/SH,0.6486486486486487
COCA-COLA HBC CDI,COCA-COLA HBC AG,0.8484848484848485
COCHLEAR,COCHLEAR LIMITED,0.6666666666666666
COGNEX CORP,CONX CORP.,0.8571428571428571
COGNIZANT TECH SOLUTIONS,COGNIZANT TECHNOLOGY SOLUTIONS CORP,0.8135593220338984
COINBASE GLOBAL A,CSE GLOBAL LTD.,0.6875
COLES,COGELEC SA,0.6666666666666666
COLGATE-PALMOLIVE,COLGATE-PALMOLIVE COMPANY,0.8095238095238095
COLOPLAST B,COLOPLAST A/S,0.8333333333333334
COMCAST CORP A (NEW),COMCAST CORPORATION,0.717948717948718
COMMERZBANK,COMMERZBANK AG,0.88
COMMONWEALTH BANK OF AUS,COMMONWEALTH BANK OF AUSTRALIA,0.8888888888888888
COMPASS GROUP,COMPASS GROUP PLC,0.8666666666666667
COMPUTERSHARE,COMPUTERSHARE LIMITED,0.7647058823529411
CONAGRA BRANDS,CONAGRA BRANDS INC,0.875
CONCORDIA FINANCIAL GRP,"CONCORDIA FINANCIAL GROUP,LTD.",0.8679245283018868
CONOCOPHILLIPS,CONOCOPHILLIPS,1.0
CONSOLIDATED EDISON,"CONSOLIDATED EDISON, INC.",0.8636363636363636
CONSTELLATION BRANDS A,"CONSTELLATION BRANDS, INC.",0.875
CONSTELLATION ENERGY,CONSTELLATION RESOURCES LTD,0.6808510638297872
CONSTELLATION SFTW (DET),CONSTELLATION SOFTWARE INC.,0.7450980392156863
CONSTELLATION SOFTWARE,CONSTELLATION SOFTWARE INC.,0.8979591836734694
CONTINENTAL,CONTINENTAL AG,0.88
COOPER COMPANIES (THE),COOPER COMPANIES INC,0.8095238095238095
COPART,"COPART, INC.",0.6666666666666666
CORNING,CANON INC,0.625
CORTEVA,"CORTEVA, INC.",0.7
COSTAR GROUP,COSTAR GROUP INC,0.8571428571428571
COSTCO WHOLESALE CORP,COSTCO WHOLESALE CORPORATION,0.8571428571428571
COTERRA ENERGY,COAL ENERGY SA,0.7142857142857143
COVESTRO,COVESTRO AG,0.8421052631578947
COVIVIO,COVIVIO SA,0.8235294117647058
CP RAILWAY,CANGGANG RAILWAY LIMITED,0.5294117647058824
CREDIT AGRICOLE,CREDIT AGRICOLE SA,0.9090909090909091
CREDIT SUISSE,CREDIT SUISSE GROUP AG,0.7428571428571429
CRH,CRH PLC,0.6
CRODA INTERNATIONAL,CRODA INTERNATIONAL PLC,0.9047619047619048
CROWDSTRIKE HLDGS A,"CROWDSTRIKE HOLDINGS, INC.",0.8
CROWN CASTLE,CROWN CASTLE IN/SH SH,0.7272727272727273
CROWN HOLDINGS,"CROWN HOLDINGS, INC.",0.8235294117647058
CSL,CEPS PLC,0.5454545454545454
CSX CORP,CJ CORP,0.8
CUMMINS,CUMMINS INC.,0.7368421052631579
CVS HEALTH,CVS HEALTH CORP,0.8
CYBER AGENT,"CYBERAGENT,INC.",0.7692307692307693
CYBERARK SOFTWARE (USD),CYBERARK SOFTWARE LTD,0.8636363636363636
DAI ICHI LIFE HOLDINGS,DAI-ICHI LIFE HOLDINGS INC,0.875
DAI NIPPON PRINTING CO,"DAI NIPPON PRINTING CO.,LTD.",0.88
DAIFUKU CO,"DAIFUKU CO.,LTD.",0.7692307692307693
DAIICHI SANKYO CO,"DAIICHI SANKYO COMPANY,LIMITED",0.723404255319149
DAIKIN INDUSTRIES,"DAIKIN INDUSTRIES,LTD.",0.8717948717948718
DAIMLER TRUCK HOLDING,DOGAN SIRKETLER GRUBU HOLDING AS,0.6415094339622641
DAITO TRUST CONSTRUCTION,DAITO TRUST CONSTRUCTION CO LTD,0.8727272727272727
DAIWA HOUSE INDUSTRY,DAIWA HOUSE INDUSTRY CO LTD,0.851063829787234
DAIWA HOUSE REIT INV CO,DAIWA HOUSE REIT INVESTMENT CORPORATION,0.7419354838709677
DAIWA SECURITIES GROUP,DAIWA SECURITIES GROUP INC,0.9166666666666666
DANAHER CORP,DANAHER CORPORATION,0.7741935483870968
DANONE,DANONE SA,0.8
DANSKE BANK,DANSKE BANK A/S,0.8461538461538461
DARDEN RESTAURANTS,"DARDEN RESTAURANTS, INC.",0.8571428571428571
DARLING INGREDIENTS,DARLING INGREDIENTS INC,0.9047619047619048
DASSAULT AVIATION,DASSAULT AVIATION SA,0.918918918918919
DASSAULT SYSTEMES,DASSAULT SYSTEMES SE,0.918918918918919
DATADOG A,"DATADOG, INC.",0.7272727272727273
DAVIDE CAMPARI-MILANO,DAVIDE CAMPARI-MILANO SPA,0.9130434782608695
DAVITA HEALTHCARE PARTNR,DALLAH HEALTHCARE COMPANY SJSC,0.6666666666666666
DBS GROUP HOLDINGS,DBS GROUP HOLDINGS LTD,0.9
DCC (GB),DCC PLC,0.5333333333333333
DEERE & CO,DEERE & COMPANY,0.8
DELIVERY HERO,DELIVERY HERO SE,0.896551724137931
DELL TECHNOLOGIES C,DELL TECHNOLOGIES INC.,0.926829268292683
DELTA AIR LINES,"DELTA AIR LINES, INC.",0.8333333333333334
DEMANT,DEMANT A/S,0.75
DENSO CORP,DENSO CORP,1.0
DENTSPLY SIRONA,DENTSPLY SIRONA INC,0.8823529411764706
DENTSU GROUP,D2L GROUP,0.6666666666666666
DESCARTES SYSTEMS GROUP,DESCARTES SYSTEMS GROUP INC,0.92
DEUTSCHE BANK,DEUTSCHE BANK AG,0.896551724137931
DEUTSCHE BOERSE,DEUTSCHE BOERSE,1.0
DEUTSCHE POST,DEUTSCHE POST,1.0
DEUTSCHE TELEKOM,DEUTSCHE TELEKOM AG,0.9142857142857143
DEVON ENERGY CORP,DEVON ENERGY CORP,1.0
DEXCOM,"DEXCOM, INC.",0.6666666666666666
DEXUS,DEXUS,1.0
DIAGEO,DIAGEO PLC,0.75
DIAMONDBACK ENERGY,DIAMONDBACK ENERGY INC,0.9
DIASORIN,DIASORIN SPA,0.8
DIETEREN GROUP,D'IETEREN SA,0.6923076923076923
DIGITAL REALTY TRUST,"DIGITAL REALTY TRUST, INC.",0.8695652173913043
DISCO CORP,DI CORP,0.8235294117647058
DISCOVER FINANCIAL,DISCOVER FINANCIAL SERVICES,0.8
DISH NETWORK A,DISH NETWORK CORP,0.8387096774193549
DISNEY (WALT),DISCOVERY LTD,0.6153846153846154
DNB BANK,DENA BANK,0.8235294117647058
DOCUSIGN,"DOCUSIGN, INC.",0.7272727272727273
DOLLAR GENERAL CORP,DOLLAR GENERAL CORP.,0.9743589743589743
DOLLAR TREE,"DOLLAR TREE, INC.",0.7857142857142857
DOLLARAMA,DOLLARAMA INC,0.8181818181818182
DOMINION ENERGY,DOMINION ENERGY INC,0.8823529411764706
DOMINOS PIZZA,"DOMINO'S PIZZA, INC.",0.7878787878787878
DOORDASH A,DOORDASH INC,0.8181818181818182
DOVER CORP,DOVER CORP,1.0
DOW,DOW INC.,0.5454545454545454
DROPBOX A,DROP SA,0.75
DSV,DSV A/S,0.6
DTE ENERGY,DTE ENERGY CO,0.8695652173913043
DUKE ENERGY CORP,DUKE ENERGY CORP,1.0
DUPONT DE NEMOURS,"DUPONT DE NEMOURS, INC.",0.85
DYNATRACE,DYNATRACE HOLDINGS LLC,0.5806451612903226
E. ON,E.ON SE,0.6666666666666666
EAST JAPAN RAILWAY CO,EAST JAPAN RAILWAY COMPANY,0.8936170212765957
EASTMAN CHEMICAL CO,EASTMAN CHEMICAL COMPANY,0.8837209302325582
EATON CORP PLC,EATON CORPORATION PLC,0.8
EBAY,EBAY INC,0.6666666666666666
EBOS GROUP,EBOS GROUP LTD,0.8333333333333334
ECOLAB,ECOLAB INC.,0.7058823529411765
EDENRED,EDENRED SA,0.8235294117647058
EDISON INTERNATIONAL,EDISON INTERNATIONAL,1.0
EDP ENERGIAS DE PORTUGAL,EDP - ENERGIAS DE PORTUGAL SA,0.9056603773584906
EDP RENOVAVEIS,EDP RENOVAVEIS SA,0.9032258064516129
EDWARDS LIFESCIENCES,EDWARDS LIFESCIENCES CORP,0.8888888888888888
EIFFAGE,EIFFAGE SA,0.8235294117647058
EISAI CO,"EISAI CO., LTD",0.7272727272727273
ELANCO ANIMAL HEALTH,ELANCO ANIMAL HEALTH INCORPORATED,0.7547169811320755
ELBIT SYSTEMS,ELBIT SYSTEMS LTD,0.8666666666666667
ELECTROLUX B,ELECTROLUX AB CLASS A,0.7272727272727273
ELECTRONIC ARTS,ELECTRONIC ARTS INC.,0.8571428571428571
ELEMENT FLEET MANAGEMENT,ELEMENT FLEET MANAGEMENT CORP,0.9056603773584906
ELEVANCE HEALTH,"EVOLENT HEALTH, INC.",0.6285714285714286
ELIA GROUP,ELIOR GROUP SA,0.75
ELISA A,ELICA SPA,0.75
EMBRACER GROUP B,EMPIR GROUP AB,0.7333333333333333
EMERA,EMERA INC,0.7142857142857143
EMERSON ELECTRIC CO,EMERSON ELECTRIC CO.,0.9743589743589743
EMPIRE CO A,EMPIR GROUP AB,0.72
EMS-CHEMIE HOLDING,EMS-CHEMIE HOLDING AG,0.9230769230769231
ENAGAS,ENAGAS SA,0.8
ENBRIDGE,ENBRIDGE INC,0.8
ENDEAVOUR GROUP,ENDEAVOUR MINING CORP,0.7222222222222222
ENDESA,ENDESA SA,0.8
ENEL,ENEL SPA,0.6666666666666666
ENEOS HOLDINGS,ENBIO HOLDINGS INC,0.75
ENGIE,ENGIE SA,0.7692307692307693
ENI,ENI SPA,0.6
ENPHASE ENERGY,ENPHASE ENERGY INC,0.875
ENTAIN,ETFS GRAINS,0.5882352941176471
ENTEGRIS,ENTEGRIS INC,0.8
ENTERGY CORP,ENERGOUS CORP,0.8
EOG RESOURCES,EOG RESOURCES INC,0.8666666666666667
EPAM SYSTEMS,EPAM SYSTEMS INC,0.8571428571428571
EPIROC A,ENIRO AB,0.75
EPIROC B,ENIRO AB,0.75
EQT,EMQTEC AG,0.5
EQT AB,ELTEL AB,0.7142857142857143
EQUIFAX,EQUIFAX INC.,0.7368421052631579
EQUINIX,EQUINIX INC,0.7777777777777778
EQUINOR,EQUINOR ASA,0.7777777777777778
EQUITABLE HOLDINGS,EQUITAS HOLDINGS LTD,0.7894736842105263
EQUITY LIFESTYLE PPTYS,"EQUITY LIFESTYLE PROPERTIES, INC.",0.7636363636363637
EQUITY RESIDENTIAL,EQUITY RESIDENTIAL,1.0
ERICSSON (LM) B,EMMERSON PLC,0.5185185185185185
ERIE INDEMNITY CO A,ERIE INDEMNITY COMPANY,0.8780487804878049
ERSTE GROUP BANK,ERSTE GROUP BANK AG,0.9142857142857143
ESR GROUP,EQS GROUP AG,0.7619047619047619
ESSENTIAL UTILITIES,"ESSENTIAL UTILITIES, INC.",0.8636363636363636
ESSEX PROPERTY TRUST,ESSEX PROPERTY TRUST INC,0.9090909090909091
ESSILORLUXOTTICA,ESSILORLUXOTTICA SA,0.9142857142857143
ESSITY B,ECS ICT BERHAD,0.5454545454545454
ESTEE LAUDER COS A,ESTEE LAUDER COMPANIES INC,0.7727272727272727
ETSY,ETSY INC,0.6666666666666666
EURAZEO,EURAZEO SE,0.8235294117647058
EUROFINS SCIENTIFIC,EUROFINS SCIENTIFIC SE,0.926829268292683
EURONEXT,EURONEXT NV,0.8421052631578947
EVEREST RE GROUP,EVEREST RE GROUP LTD,0.8888888888888888
EVERGY,"EVERGY, INC.",0.6666666666666666
EVERSOURCE ENERGY,EVERSOURCE ENERGY,1.0
EVOLUTION,"EVOLUS, INC.",0.6666666666666666
EVONIK INDUSTRIES,EVONIK INDUSTRIES AG,0.918918918918919
EXACT SCIENCES CORP,EXACT SCIENCES CORPORATION,0.8444444444444444
EXELON CORP,EXELON CORPORATION,0.7586206896551724
EXOR,EXOR NV,0.7272727272727273
EXPEDIA GROUP,EXPEDIA GROUP INC,0.8666666666666667
EXPEDITORS INTL OF WASH,EXPEDITORS INTERNATIONAL OF WASHINGTON,0.7540983606557377
EXPERIAN,EXPERIAN PLC,0.8
EXTRA SPACE STORAGE,EXTRA SPACE STORAGE INC.,0.8837209302325582
EXXON MOBIL CORP,EXXON MOBIL COR/SH,0.8823529411764706
F5,FD,0.5
FACTSET RESEARCH SYSTEMS,FACTSET RESEARCH SYSTEMS INC.,0.9056603773584906
FAIR ISAAC CORP,FAIR ISAAC CORPORATION,0.8108108108108109
FAIRFAX FINANCIAL HLDGS,FAIRFAX FINANCIAL HOLDINGS LTD,0.8679245283018868
FANUC,FANHUA INC,0.6666666666666666
FAST RETAILING CO,FAST RETAILING CO LTD,0.8947368421052632
FASTENAL CO,FASTENAL COMPANY,0.8148148148148148
FASTIGHETS AB BALDER B,FASTIGHETS AB BALDER,0.9523809523809523
FEDEX CORP,FEDEX CORPORATION,0.7407407407407407
FERGUSON(US),FERGUSON PLC,0.6666666666666666
FERRARI (IT),FERRARI NV,0.7272727272727273
FERROVIAL,FERROVIAL SA,0.8571428571428571
FIDELITY NATL INFO SVCS,FIDELITY NATIONAL INFORMATION SERVCS INC,0.7301587301587301
FIFTH THIRD BANCORP,FIFTH THIRD BANCORP,1.0
FIN RICHEMONT NAMEN A,FUJIAN CEMENT INC.,0.5641025641025641
FINECOBANK,FRIENDS BANK,0.6363636363636364
FIRST CITIZENS BANCSHS A,"FIRST CITIZENS BANCSHARES, INC.",0.8363636363636363
FIRST HORIZON NATIONAL,FIRST HORIZON NATIONAL CORP,0.8979591836734694
FIRST INTL BANK ISRAEL 5,FIRST INTERNATIONAL BANK OF ISRAEL LTD,0.7419354838709677
FIRST QUANTUM MINERALS,FIRST QUANTUM MINERALS LTD.,0.8979591836734694
FIRST REPUBLIC BANK,FIRST REPUBLIC BANK,1.0
FIRST SOLAR,"FIRST SOLAR, INC.",0.7857142857142857
FIRSTENERGY CORP,FIRSTENERGY CORP.,0.9696969696969697
FIRSTSERVICE CORP(NEW),FIRSTSERVICE CORP,0.8717948717948718
FISERV,FISERV INC,0.75
FISHER & PAYKEL HEALTH,FISHER & PAYKEL/ADR,0.7804878048780488
FLEETCOR TECHNOLOGIES,"FLEETCOR TECHNOLOGIES, INC.",0.875
FLUTTER ENTERTAINMENT,FLUTTER ENTERTAINMENT PLC,0.9130434782608695
FMC CORP,FMC CORP,1.0
FNF GROUP,FAIRFX GROUP PLC,0.64
FORD MOTOR CO,FORD MOTOR COMPANY,0.8387096774193549
FORTESCUE METALS GROUP,FORTESCUE METALS GROUP LIMITED,0.8461538461538461
FORTINET,FORTINET INC,0.8
FORTIS,FORTIS INC,0.75
FORTIVE,FORTIVE CORP,0.7368421052631579
FORTUM CORP,FORYOU CORP,0.8181818181818182
FORTUNE BRANDS INNOV,FAT BRANDS INC.,0.6857142857142857
FRANCO-NEVADA CORP,FRANCO NEVADA CORP,0.9444444444444444
FRANKLIN RESOURCES,"FRANKLIN RESOURCES, INC.",0.8571428571428571
FREEPORT MCMORAN B,FREEPORT-MCMORAN INC,0.8421052631578947
FRESENIUS,FRESENIUS MEDICAL C,0.6428571428571429
FRESENIUS MEDICAL CARE,FRESENIUS MEDICAL C,0.926829268292683
FUJI ELECTRIC CO,FUJI ELECTRIC CO LTD,0.8888888888888888
FUJI FILM HOLDINGS CO,FUJIFILM HOLDINGS CORP,0.9302325581395349
FUJITSU,FUJITSU LTD,0.7777777777777778
FUTU HOLDINGS A ADR,FUTU HOLDINGS LIMITED,0.75
GALAXY ENTERTAINMENT GRP,GALAXY ENTERTAINMENT GROUP LIMITED,0.8275862068965517
GALLAGHER (ARTHUR J.),GALLAGHER SECURITY CORP.,0.6222222222222222
GALP ENERGIA SGPS B,GALP ENERGIA SGPS SA,0.9230769230769231
GAMING & LEISURE PPTYS,GAMING AND LEISURE PROPERTIES INC,0.7272727272727273
GARMIN,GARMIN LTD.,0.7058823529411765
GARTNER,GARTNER INC,0.7777777777777778
GE HEALTHCARE TECH,GENESIS HEALTHCARE INC,0.75
GEA GROUP,GPT GROUP,0.7777777777777778
GEBERIT,GEBERIT AG,0.8235294117647058
GECINA,GECINA,1.0
GEN DIGITAL,GAME DIGITAL PLC,0.7407407407407407
GENERAC HOLDINGS,GENERAC HOLDINGS INC.,0.8648648648648649
GENERAL DYNAMICS CORP,GENERAL DYNAMICS CORPORATION,0.8571428571428571
GENERAL ELECTRIC CO,GENERAL ELECTRIC COMPANY,0.8837209302325582
GENERAL MILLS,"GENERAL MILLS, INC.",0.8125
GENERAL MOTORS,GENERAL MOTORS COMPANY,0.7777777777777778
GENMAB,GENMAB A/S,0.75
GENTING SINGAPORE,GENTING SINGAPORE LIMITED,0.8095238095238095
GENUINE PARTS CO,GENUINE PARTS COMPANY,0.8648648648648649
GETINGE B,GETINGE AB,0.9473684210526315
GETLINK,GETLINK SE,0.8235294117647058
GFL ENVIRONMENTAL HLD SV,GFL ENVIRONMENTAL INC.,0.782608695652174
GILDAN ACTIVEWEAR,GILDAN ACTIVEWEAR INC,0.8947368421052632
GILEAD SCIENCES,"GILEAD SCIENCES, INC.",0.8333333333333334
GIVAUDAN,GIVAUDAN SA,0.8421052631578947
GJENSIDIGE FORSIKRING,GJENSIDIGE FORSIKRING ASA,0.9130434782608695
GLENCORE,GLENCORE-S,0.8888888888888888
GLOBAL PAYMENTS,GLOBAL PAYMENTS INC,0.8823529411764706
GLOBE LIFE,GLOBE LIFE INC.,0.8
GLP J REIT,GLP J-REIT,0.9
GMO PAYMENT GATEWAY,"GMO PAYMENT GATEWAY,INC.",0.8837209302325582
GODADDY A,GODADDY INC,0.8
GOLDMAN SACHS GROUP,GOLDMAN SACHS GROUP INC,0.9047619047619048
GOODMAN GROUP,GOODMAN GROUP,1.0
GPT GROUP,GPT GROUP,1.0
GRAB HOLDINGS A,GAM HOLDING AG,0.8275862068965517
GRACO,GRACO INC.,0.6666666666666666
GRAINGER (WW),GRAINGER PLC,0.72
GREAT-WEST LIFECO,GREAT-WEST LIFECO INC,0.8947368421052632
GRIFOLS,GRIFAL SPA,0.7058823529411765
GROUPE BRUXELLES LAMBERT,GROUPE BRUXELLES LAMBERT SA,0.9411764705882353
GSK,G4S PLC,0.4
HAKUHODO DY HOLDINGS,HAKUHODO DY HOLDINGS INCORPORATED,0.7547169811320755
HALEON,HAECO,0.7272727272727273
HALLIBURTON CO,HALLIBURTON COMPANY,0.8484848484848485
HALMA,HALMA PLC,0.7142857142857143
HAMAMATSU PHOTONICS K.K,HAMAMATSU PHOTONICS K.K.,0.9787234042553191
HANG LUNG PROPERTIES,HANG LUNG PROPERTIES LIMITED,0.8333333333333334
HANG SENG BANK,HANG SENG BANK,1.0
HANKYU HANSHIN HOLDINGS,HANKYU HANSHIN HOLDINGS INC,0.92
HANNOVER RUECK,HANNOVER RUECK/S ADR,0.8235294117647058
HARDIE (JAMES) IND CDI,"HARTE HANKS, INC.",0.5641025641025641
HARGREAVES LANSDOWN,HARGREAVES LANSDOWN PLC,0.9047619047619048
HARTFORD FINANCIAL SVCS,HEARTLAND FINANCIAL USA INC,0.72
HASBRO,"HASBRO, INC.",0.6666666666666666
HCA HOLDINGS,HPC HOLDINGS LTD,0.7857142857142857
HEALTHCARE REALTY T(NEW),HEALTHCARE REALTY TRUST INC,0.7843137254901961
HEALTHPEAK PROPERTIES,"HEALTHPEAK PROPERTIES, INC.",0.875
HEICO CORP,HEICO CORP,1.0
HEICO CORP A,HEICO CORP,0.9090909090909091
HEIDELBERGCEMENT,HEIDELBERGCEMENT AG,0.9142857142857143
HEINEKEN HOLDING,HEINEKEN HOLDING NV,0.9142857142857143
HEINEKEN NV,HEINEKEN N.V.,0.9166666666666666
HELLOFRESH,HELLOFRESH SE,0.8695652173913043
HENDERSON LAND DEV,"HENDERSON LAND DEVELOPMENT CO., LTD.",0.6666666666666666
HENKEL STAMM,HERKULES SA,0.6086956521739131
HENKEL VORZUG,HENKEL AG & CO KGAA,0.5625
HENNES & MAURITZ B,H & M HENNES & MAURITZ AB,0.8372093023255814
HENRY (JACK) & ASSOCIATE,HENRY MORGAN LIMITED,0.5
HENRY SCHEIN,"HENRY SCHEIN, INC.",0.8
HERMES INTERNATIONAL,HERMES INTERNATIONAL SCA,0.9090909090909091
HERSHEY CO (THE),HERSHEY CO,0.7692307692307693
HESS,HARVEST SA,0.5714285714285714
HEWLETT PACKARD ENT CO,HEWLETT PACKARD ENT.,0.9047619047619048
HEXAGON B,HEXAGON AB,0.9473684210526315
HF SINCLAIR,"HFF, INC.",0.6
HIKARI TSUSHIN,"HIKARI TSUSHIN,INC.",0.8484848484848485
HIKMA PHARMACEUTICALS,HIKMA PHARMACEUTICALS PLC,0.9130434782608695
HILTON WORLDWIDE HLDGS,HILTON WORLDWIDE HOLDINGS INC.,0.8461538461538461
HIROSE ELECTRIC CO,HIROSE ELECTRIC CO LTD,0.9
HITACHI,"HITACHI,LTD.",0.7368421052631579
HITACHI CONST MACHINERY,HITACHI CONSTRUCTION MACHINERY CO LTD,0.7666666666666667
HKT TRUST AND HKT,HKT TRUST AND HKT LTD,0.8947368421052632
HOLCIM,HOTELIM SA,0.625
HOLMEN B,HOLMEN AB CLASS A,0.64
HOLOGIC,"HOLOGIC, INC.",0.7
HOME DEPOT,HOME DEPOT INC,0.8333333333333334
HONDA MOTOR CO,HONDA MOTOR CO LTD,0.875
HONEYWELL INTERNATIONAL,HONEYWELL INTERNATIONAL INC.,0.9019607843137255
HONGKONG CHINA GAS,HONGKONG CHINESE LTD,0.7368421052631579
HONGKONG EXCH & CLEARING,HONG KONG EXCHANGES AND CLEARING LIMITED,0.71875
HONGKONG LAND (USD),HONGKONG LAND HOLDINGS LIMITED,0.6530612244897959
HORIZON THERAPEUTICS PLC,HORIZON THERAPEUTICS PLC,1.0
HORMEL FOODS CORP,HORMEL FOODS CORP,1.0
HORTON (DR),HOJEON LTD,0.5714285714285714
HOSHIZAKI CORP,HOSHIZAKI CORP,1.0
HOST HOTELS & RESORTS,"HOST HOTELS & RESORTS, INC.",0.875
HOWMET AEROSPACE,HANWHA AEROSPACE CO LTD,0.6153846153846154
HOYA CORP,HEICO CORP,0.7368421052631579
HP,HP INC,0.5
HSBC HOLDINGS (GB),HSBC HOLDINGS PLC,0.8
HUBBELL,HUBBELL INCORPORATED,0.5185185185185185
HUBSPOT,HUBSPOT INC,0.7777777777777778
HULIC CO (NEW),HL CORP. (SHENZHEN),0.6060606060606061
HUMANA,HUMANA AB,0.8
HUNT (J.B.) TRANSPORT,HUNTSMAN CORPORATION,0.4878048780487805
HUNTINGTON BANCSHARES,HUNTINGTON BANCSHARES INCORPORATED,0.7636363636363637
HUNTINGTON INGALLS IND,HUNTINGTON INGALLS INDUSTRIES INC,0.8
HUSQVARNA B,HUSQVARNA AB (PUBL),0.7333333333333333
HYDRO ONE,HYDRO ONE LTD,0.8181818181818182
IA FINANCIAL CORP,IBW FINANCIAL CORPORATION,0.7619047619047619
IBERDROLA,IBERDROLA SA,0.8571428571428571
IBIDEN CO,"IBIDEN CO.,LTD.",0.75
IBM CORP,IMAX CORP,0.8235294117647058
ICL GROUP,IC GROUP A/S,0.7619047619047619
IDEMITSU KOSAN CO,"IDEMITSU KOSAN CO.,LTD.",0.85
IDEX CORP,INPEX CORP,0.8421052631578947
IDEXX LABORATORIES,"IDEXX LABORATORIES, INC.",0.8571428571428571
IDP EDUCATION,IDP EDUCATION LTD,0.8666666666666667
IGM FINANCIAL,IGM FINANCIAL INC.,0.8387096774193549
IGO,"IGO, INC.",0.5
IIDA GROUP HOLDINGS CO,"IIDA GROUP HOLDINGS CO.,LTD.",0.88
ILLINOIS TOOL WORKS,ILLINOIS TOOL WORKS INC.,0.8837209302325582
ILLUMINA,"ILLUMINA, INC.",0.7272727272727273
IMCD GROUP,IC GROUP A/S,0.7272727272727273
IMPERIAL BRANDS,IMPERIAL BRANDS PLC,0.8823529411764706
IMPERIAL OIL,IMPERIAL OIL LTD,0.8571428571428571
INCYTE CORP,INES CORP,0.8
INDITEX,INDITEX SA,0.8235294117647058
INDUSTRIVARDEN A,INDUTRADE AB,0.7857142857142857
INDUSTRIVARDEN C,INDUSTRIVARDEN AB CLASS A,0.7804878048780488
INDUTRADE,INDUTRADE AB,0.8571428571428571
INFINEON TECHNOLOGIES,INFINEON TECHNOLOGIES AG,0.9333333333333333
INFRASTRUTTURE WIRELESS,INFRASTRUTTURE WIRELESS ITALIANE SPA,0.7796610169491526
ING GROEP,ING GROEP NV,0.8571428571428571
INGERSOLL-RAND,INGERSOLL-RAND PLC,0.875
INPEX CORP,INPEX CORP,1.0
INSULET CORP,I-NET CORP.,0.782608695652174
INSURANCE AUSTRALIA GRP,INSURANCE AUSTRALIA GROUP LTD,0.8846153846153846
INTACT FINANCIAL,INTACT FINANCIAL CORPORATION,0.7272727272727273
INTEL CORP,INTEL CORP/SH,0.8695652173913043
INTERCONTINENTAL EXCH,INTERCONTINENTAL EXCHANGE INC,0.84
INTERCONTINENTAL HOTELS,INTERCONTINENTAL HOTELS GROUP PLC,0.8214285714285714
INTERNATIONAL PAPER,INTERNATIONAL PAPER CO,0.926829268292683
INTERPUBLIC GROUP OF COS,INTERPUBLIC GROUP OF COMPANIES INC,0.8275862068965517
INTERTEK GROUP,INTERTEK GROUP PLC,0.875
INTESA SANPAOLO,INTESA SANPAOLO SPA,0.8823529411764706
INTL FLAVORS & FRAGRANCE,INTERNATIONAL FLAVORS & FRAGRAN,0.8
INTUIT,INTUIT INC.,0.7058823529411765
INTUITIVE SURGICAL,"INTUITIVE SURGICAL, INC.",0.8571428571428571
INVESCO LTD,INVESCO LTD.,0.9565217391304348
INVESTOR A,INVESTOR AB (PUBL),0.7142857142857143
INVESTOR B,INVESTOR AB (PUBL),0.7142857142857143
INVITATION HOMES,INVITATION HOMES INC.,0.8648648648648649
IPSEN,IPSEN SA,0.7692307692307693
IQVIA HOLDINGS,IQVIA HOLDINGS INC,0.875
IRON MOUNTAIN,IRON MOUNTAIN INC,0.8666666666666667
ISRAEL DISCOUNT BANK,ISRAEL DISCOUNT BANK LTD,0.9090909090909091
ISUZU MOTORS,ISUZU MOTORS LTD,0.8571428571428571
ITOCHU CORP,ITOCHU CORP,1.0
ITOCHU TECHNO-SOLUTIONS,ITOCHU TECHNO-SOLUTIONS CORPORATION,0.7931034482758621
IVANHOE MINES A,IVANHOE MINES LTD,0.875
JACOBS SOLUTIONS,"JPO SOLUTIONS, INC.",0.6857142857142857
JAPAN AIRLINES CO,JAPAN AIRLINES CO LTD,0.8947368421052632
JAPAN EXCHANGE GROUP,JAPAN EXCHANGE GROUP INC,0.9090909090909091
JAPAN METROPOLITAN FUND,"JAPAN MEAT CO.,LTD.",0.6190476190476191
JAPAN POST BANK CO,JAPAN POST BANK CO LTD,0.9
JAPAN POST HOLDINGS CO,JAPAN POST HOLDINGS CO LTD,0.9166666666666666
JAPAN POST INSURANCE CO,JAPAN POST INSURANCE CO LTD,0.92
JAPAN REAL ESTATE INV,JAPAN REAL ESTATE INVESTMENT CORPORATION,0.6885245901639344
JAPAN TOBACCO,JAPAN TOBACCO INC,0.8666666666666667
JARDINE CYCLE & CARRIAGE,JARDINE CYCLE & CARRIAGE LTD,0.9230769230769231
JARDINE MATHESON (USD),JARDINE MATHESON HOLDINGS LIMITED,0.6909090909090909
JAZZ PHARMACEUTICALS,JAZZ PHARMACEUTICALS PLC,0.9090909090909091
JD SPORTS FASHION,JD SPORTS FASHION PLC,0.8947368421052632
JDE PEETS,JCDECAUX SA,0.5
JERONIMO MARTINS SGPS,JERONIMO MARTINS SGPS SA,0.9333333333333333
JFE HOLDINGS,"JFE HOLDINGS,INC.",0.8275862068965517
JM SMUCKER CO,J M SMUCKER CO,0.9629629629629629
JOHNSON & JOHNSON,JOHNSON & JOHNSON,1.0
JOHNSON CONTROLS (NEW),JOHNSON CONTROLS INTERNATIONAL PLC,0.6785714285714286
JOHNSON MATTHEY,JOHNSON MATTHEY PLC,0.8823529411764706
JPMORGAN CHASE & CO,JPMORGAN CHASE & CO.,0.9743589743589743
JSR CORP,JSR CORP,1.0
JULIUS BAER GROUP,JULIUS BAER GROUP LTD.,0.8717948717948718
JUNIPER NETWORKS,"JUNIPER NETWORKS, INC.",0.8421052631578947
JUST EAT TAKEAWAY.COM,JUST EAT PLC,0.6060606060606061
KAJIMA CORP,KAJIMA CORP,1.0
KANSAI ELECTRIC POWER CO,KANSAI ELECTRIC POWER CO INC,0.9230769230769231
KAO CORP,KAO CORP,1.0
KBC GROUPE,KBC GROUP NV,0.8181818181818182
KDDI,KDDI CORP,0.6153846153846154
KEIO CORP,KEIO CORP,1.0
KEISEI ELECTRIC RAILWAY,KEISEI ELECTRIC RAILWAY CO LTD,0.8679245283018868
KELLOGG CO,KELLOGG COMPANY,0.8
KEPPEL CORP,KEWPIE CORP,0.8181818181818182
KEPPEL CORP (DETACHED 2),KEPPEL CORPORATION LIMITED,0.6
KERING,KERING,1.0
KERRY GROUP A,KERRY GROUP PLC,0.8571428571428571
KESKO B,KBES BHD.,0.625
KEURIG DR PEPPER,KEURIG DR PEPPER INC,0.8888888888888888
KEYCORP,KEYCORP,1.0
KEYENCE CORP,KEYERA CORP,0.782608695652174
KEYERA,KEYERA CORP,0.7058823529411765
KEYSIGHT TECHNOLOGIES,KEYSIGHT TECHNOLOGIES INC,0.9130434782608695
KIKKOMAN CORP,KIKKOMAN CORPORATION,0.7878787878787878
KIMBERLY-CLARK CORP,KIMBERLY CLARK CORP,0.9473684210526315
KIMCO REALTY CORP,KIMCO REALTY CORP,1.0
KINDER MORGAN P,KINDER MORGAN INC,0.875
KINGFISHER,KINGFISHER PLC,0.8333333333333334
KINGSPAN GROUP,KINGSPAN GROUP PLC,0.875
KINNEVIK B,KINNEVIK AB CLASS A,0.6896551724137931
KINROSS GOLD CORP,KINROSS GOLD CORPORATION,0.8292682926829268
KINTETSU GROUP HOLDINGS,KINTETSU GROUP HOLDINGS CO LTD,0.8679245283018868
KIRIN HOLDINGS CO,KIRIN HOLDINGS CO LTD,0.8947368421052632
KKR & CO A,KKR & CO. INC.,0.75
KLA CORPORATION,KAO CORPORATION,0.9333333333333333
KLEPIERRE,KLEPIERRE SA,0.8571428571428571
KNIGHT-SWIFT TRANSPORT,KNIGHT-SWIFT TRANSPORTATION HOLDINGS INC.,0.6984126984126984
KNORR-BREMSE,KNORR - BREMSE AG,0.8275862068965517
KOBAYASHI PHARMA CO,KOBAYASHI PHARMACEUTICAL CO LTD,0.76
KOBE BUSSAN CO,"KOBE BUSSAN CO.,LTD.",0.8235294117647058
KOEI TECMO HOLDINGS CO,"KOEI TECMO HOLDINGS CO.,LTD.",0.88
KOITO MANUFACTURING CO,KOITO MANUFACTURING CO LTD,0.9166666666666666
KOMATSU,KOMATSU LTD,0.7777777777777778
KONAMI GROUP CORP,KCOM GROUP PLC,0.7096774193548387
KONE B,KONE OYJ,0.7142857142857143
KONGSBERG GRUPPEN,KONGSBERG GRUPPEN ASA,0.8947368421052632
KONINKLIJKE DSM,KONINKLIJKE DSM N.V.,0.8571428571428571
KONINKLIJKE KPN,KONINKLIJKE KPN N.V.,0.8571428571428571
KONINKLIJKE PHILIPS,KONINKLIJKE PHILIPS NV,0.926829268292683
KOSE CORPORATION,KOSE CORPORATION,1.0
KRAFT HEINZ CO,KRAFT HEINZ CO,1.0
KROGER CO,KROGER CO,1.0
KUBOTA CORP,KUBOTA CORP,1.0
KUEHNE & NAGEL INTL,KUEHNE + NAGEL INTERNATIONAL AG,0.72
KURITA WATER INDUSTRIES,KURITA WATER INDUSTRIES LTD.,0.9019607843137255
KYOCERA CORP,KYOCERA CORP,1.0
KYOWA KIRIN CO,"KYOWA KIRIN CO.,LTD.",0.8235294117647058
L'OREAL,L'OREAL SA,0.8235294117647058
L3HARRIS TECHNOLOGIES,LINIUS TECHNOLOGIES LTD,0.7272727272727273
LA FRANCAISE DES JEUX,LA FRANCAISE DE L ENERGIE SA,0.6530612244897959
LABORATORY CORP OF AMER,LABORATORY CORP. OF AMERICA HOLDINGS,0.7796610169491526
LAM RESEARCH CORP,LAM RESEARCH CORPORATION,0.8292682926829268
LAMB WESTON HOLDINGS,"LAMB WESTON HOLDINGS, INC.",0.8695652173913043
LAND SECURITIES GROUP,LAND SECURITIES GROUP PLC,0.9130434782608695
LAS VEGAS SANDS CORP,LAS VEGAS SANDS CORP.,0.975609756097561
LASERTEC CORP,LASERTEC CORPORATION,0.7878787878787878
LATOUR INVESTMENT B,LEGENDARY INVESTMENTS PLC,0.6818181818181818
LEAR CORP,LF CORP,0.75
LEG IMMOBILIEN,LEG IMMOBILIEN AG,0.9032258064516129
LEGAL & GENERAL GROUP,LEGAL & GENERAL GROUP PLC,0.9130434782608695
LEGRAND,LEGRAND SA,0.8235294117647058
LEIDOS HOLDINGS,LEIDOS HOLDINGS INC,0.8823529411764706
LENDLEASE GROUP,LENDLEASE GROUP,1.0
LENNAR CORP A,LENNAR CORPORATION,0.7741935483870968
LENNOX INTERNATIONAL,LENNOX INTERNATIONAL INC.,0.8888888888888888
LIBERTY BROADBAND C,LIBERTY BROADBAND CORPORATION,0.7916666666666666
LIBERTY FORMULA ONE C,"LIBERTY TAX, INC.",0.631578947368421
LIBERTY GLOBAL A,LIBERTY GLOBAL PLC,0.8823529411764706
LIBERTY GLOBAL C,LIBERTY GLOBAL PLC,0.9411764705882353
LIBERTY SIRIUSXM A,LIBERTY ONE LITHIUM CORP,0.6190476190476191
LIBERTY SIRIUSXM C,LIBERTY ONE LITHIUM CORP,0.6666666666666666
LIFCO B,LIFCO AB (PUBL),0.6363636363636364
LILLY (ELI) & COMPANY,LIMONEIRA COMPANY,0.631578947368421
LINDE (NEW),LINDE ORD,0.6
LINDT & SPRUENGLI NAMEN,LI & FUNG LIMITED,0.6
LINDT & SPRUENGLI PART,LI & FUNG LIMITED,0.5641025641025641
LINK REIT,LXI REIT PLC,0.6666666666666666
LIVE NATION ENTMT,"LIVE NATION ENTERTAINMENT, INC.",0.7083333333333334
LIXIL CORPORATION,LIXIL VIVA CORPORATION,0.8717948717948718
LKQ CORP,LF CORP,0.8
LLOYDS BANKING GROUP,LLOYDS BANKING GROUP PLC,0.9090909090909091
LOBLAW,LUBAWA SA,0.5333333333333333
LOCKHEED MARTIN CORP,LOCKHEED MARTIN CORPORATION,0.851063829787234
LOEWS CORP,LOTTE CORP,0.8
LOGITECH,"LOGLY,INC.",0.5555555555555556
LONDON STOCK EXCHANGE,LONDON STOCK EXCHANGE GROUP PLC,0.8076923076923077
LONZA GROUP,LONZA GROUP AG,0.88
LOWE'S COS,"LOWE'S COMPANIES, INC.",0.625
LPL FINANCIAL HOLDINGS,LPL FINANCIAL HOLDINGS INC,0.9166666666666666
LUCID GROUP A,LHV GROUP AS,0.72
LUFTHANSA,LUPATECH SA,0.6
LULULEMON ATHLETICA,LULULEMON ATHLETICA INC.,0.8837209302325582
LUNDBERGFORETAGEN B,L E LUNDBERGFORETAGEN AB (PUBL),0.76
LUNDIN MINING CORP,LUNDIN MINING CORPORATION,0.8372093023255814
LVMH MOET HENNESSY,LVMH MOET HENNE/EQ,0.8333333333333334
LYONDELLBASELL INDS A,LYONDELLBASELL INDUSTRIES NV,0.8163265306122449
M & T BANK CORP,M&T BANK CORPORATION,0.7428571428571429
M&G,M&G PLC,0.6
M3,"M3,INC.",0.4444444444444444
MACQUARIE GROUP,MACQUARIE GROUP LTD,0.8823529411764706
MAGNA INTERNATIONAL,MAGNA INTERNATIONAL INC.,0.8837209302325582
MAKITA CORP,MAKITA CORPORATION,0.7586206896551724
MANULIFE FINANCIAL CORP,MANULIFE FINANCIAL CORPORATION,0.8679245283018868
MAPLETREE LOGISTICS,MAPLETREE LOGISTICS TRUST,0.8636363636363636
MAPLETREE PAN ASIA COMM,MAPLETREE NORTH ASIA COMMERCIAL TRUST,0.7
MARATHON OIL CORP,MARATHON GOLD CORP,0.9142857142857143
MARATHON PETROLEUM,MARATHON PETROLEUM CORP,0.8780487804878049
MARKEL CORP,MIRAE CORP,0.7619047619047619
MARKETAXESS HLDGS,MARKETAXESS HOLDINGS INC.,0.8095238095238095
MARRIOTT INTERNATIONAL A,MARRIOTT INTERNATIONAL INC,0.92
MARSH & MCLENNAN COS,"MARSH & MCLENNAN COMPANIES, INC.",0.7692307692307693
MARTIN MARIETTA MATRLS,"MARTIN MARIETTA MATERIALS, INC.",0.8301886792452831
MARUBENI CORP,MARUBENI CORP,1.0
MARVELL TECHNOLOGY,MARVELL TECHNOLOGY GROUP LTD.,0.7659574468085106
MASCO CORP,MASCO CORP,1.0
MASIMO,MAJESCO,0.6153846153846154
MASTERCARD A,MASTERCARD INC,0.8461538461538461
MATCH GROUP(NEW),MATCH GROUP INC,0.7741935483870968
MATSUKIYOCOCOKARA & CO,MITSUI & CO LTD,0.5405405405405406
MAZDA MOTOR CORP,MAZDA MOTOR CORP,1.0
MCCORMICK & CO NV,MCCORMICK & CO /SH NV,0.8947368421052632
MCDONALD'S CORP,MCDONALD'S CORP,1.0
MCDONALD'S HLDGS CO JP,MCDONALD'S CORP,0.7567567567567568
MCKESSON CORP,MCKESSON CORPORATION,0.7878787878787878
MEDIBANK PRIVATE,MEDIBANK PRIVATE LTD,0.8888888888888888
MEDICAL PROPERTIES TRUST,"MEDICAL PROPERTIES TRUST, INC.",0.8888888888888888
MEDIOBANCA,MEDIOBANCA GROUP,0.7692307692307693
MEDTRONIC PLC,MEDTRONIC PLC,1.0
MEIJI HOLDINGS CO,MEIJI HOLDINGS CO LTD,0.8947368421052632
MELROSE INDUSTRIES,MELROSE INDUSTRIES PLC,0.9
MERCADOLIBRE,MERCADOLIBRE INC,0.8571428571428571
MERCEDES BENZ GROUP,MEARS GROUP PLC,0.5882352941176471
MERCK & CO,"MERCK & CO., INC.",0.7407407407407407
MERCK KGAA STAMM,MERCK KGAA,0.7692307692307693
MERCURY NZ,MERCURY NZ LTD,0.8333333333333334
MERIDIAN ENERGY,MERIDIAN ENERGY LTD,0.8823529411764706
META PLATFORMS A,METABOLIC EXPLORER SA,0.5945945945945946
METLIFE,METLIFE INC,0.7777777777777778
METRO A,METRO AG,0.9333333333333333
METSO OUTOTEC,METSO OYJ,0.6363636363636364
METTLER TOLEDO INTL,METTLER-TOLEDO INTERNATIONAL INC.,0.6923076923076923
MGM RESORTS INTL,MGM RESORTS INTERNATIONAL,0.7804878048780488
MICHELIN,MEDICLIN AG,0.631578947368421
MICROCHIP TECHNOLOGY,MICROCHIP TECHNOLOGY INC.,0.8888888888888888
MICRON TECHNOLOGY,"MICRON TECHNOLOGY, INC.",0.85
MICROSOFT CORP,MICROSOFT CORP/SH,0.9032258064516129
MID-AMERICA APARTMENT,MID-AMERICA APARTMENT COMMUNITIES INC,0.7241379310344828
MINEBEA MITSUMI,MINEBEA MITSUMI INC,0.8823529411764706
MINERAL RESOURCES,MINERAL RESOURCES LIMITED,0.8095238095238095
MIRVAC GROUP,MIRVAC GROUP,1.0
MISUMI GROUP,MISUMI GROUP INC.,0.8275862068965517
MITSUBISHI CHEMICAL GRP,MITSUBISHI CHEMICAL HOLDINGS CORP.,0.8070175438596491
MITSUBISHI CORP,MITSUBISHI CORP,1.0
MITSUBISHI ELECTRIC CORP,MITSUBISHI ELECTRIC CORPORATION,0.8727272727272727
MITSUBISHI ESTATE CO,MITSUBISHI ESTATE CO LTD,0.9090909090909091
MITSUBISHI HC CAPITAL,MITSUBISHI CORP,0.7222222222222222
MITSUBISHI HEAVY IND,MITSUBISHI HEAVY INDUSTRIES LTD,0.7843137254901961
MITSUBISHI UFJ FIN GRP,"MITSUBISHI UFJ FINANCIAL GROUP,INC.",0.7719298245614035
MITSUI & CO,MITSUI & CO LTD,0.8461538461538461
MITSUI CHEMICALS,"MITSUI CHEMICALS,INC.",0.8648648648648649
MITSUI FUDOSAN CO,"MITSUI FUDOSAN CO.,LTD.",0.85
MITSUI OSK LINES,MITSUI OSK LINES LTD,0.8888888888888888
MIZRAHI TEFAHOT BANK,MIZRAHI TEFAHOT BANK LTD.,0.8888888888888888
MIZUHO FINANCIAL GROUP,MIZUHO FINANCIAL GROUP INC.,0.8979591836734694
MODERNA,"MODERNA, INC.",0.7
MOHAWK INDUSTRIES,"MOHAWK INDUSTRIES, INC.",0.85
MOLINA HEALTHCARE,"MOLINA HEALTHCARE, INC.",0.85
MOLSON COORS BREWING B,MOLSON COORS BREWING COMPANY,0.84
MONCLER SPA,MONCLER SPA,1.0
MONDELEZ INTERNATIONAL A,"MONDELEZ INTERNATIONAL, INC.",0.8846153846153846
MONDI PLC (GB),MONDI PLC,0.782608695652174
MONGODB A,"MONGODB, INC.",0.7272727272727273
MONOLITHIC POWER SYSTEMS,"MONOLITHIC POWER SYSTEMS, INC.",0.8888888888888888
MONOTARO CO,"MONOTARO CO.,LTD.",0.7857142857142857
MONSTER BEVERAGE,MONSTER BEVERAGE CORP,0.8648648648648649
MOODY'S CORP,MOODY'S CORPORATION,0.7741935483870968
MORGAN STANLEY,MORGAN STANLEY,1.0
MOSAIC CO (THE),MOSAIC CO,0.75
MOTOROLA SOLUTIONS,MOTOROLA SOLUTIONS INC,0.9
MOWI,MOWI ASA,0.6666666666666666
MS&AD INSURANCE GROUP,MS&AD INSURANCE GROUP HOLDING INC,0.7777777777777778
MSCI,MSCI INC,0.6666666666666666
MTR CORP,MIRAE CORP,0.7777777777777778
MTU AERO ENGINES,MTU AERO ENGINES AG,0.9142857142857143
MUENCHENER RUECKVERSICH,MUENCHENER RUECKVRSCHRNG GSLCHFT AG MNCH,0.6666666666666666
MURATA MANUFACTURING CO,"MURATA MANUFACTURING CO.,LTD.",0.8846153846153846
NASDAQ,NASDAQ INC,0.75
NATIONAL AUSTRALIA BANK,NATIONAL AUSTRALIA BANK LTD.,0.9019607843137255
NATIONAL BANK OF CANADA,NATIONAL BANK OF CANADA,1.0
NATIONAL GRID,NATIONAL GRID PLC,0.8666666666666667
NATURGY ENERGY GROUP,NATURGY ENERGY GROUP SA,0.9302325581395349
NATWEST GROUP,NATWEST GROUP PLC,0.8666666666666667
NEC CORP,NEC CORP,1.0
NEMETSCHEK,NEMETSCHEK SE,0.8695652173913043
NESTE CORPORATION,NEOS CORPORATION,0.9090909090909091
NESTLE,NESTLE SA,0.8
NETAPP,NETAPP INC.,0.7058823529411765
NETFLIX,"NETFLIX, INC.",0.7
NEUROCRINE BIOSCIENCES,"NEUROCRINE BIOSCIENCES, INC.",0.88
NEW FOX A,NFON AG,0.625
NEW FOX B,NEW WORK SE,0.6
NEW INFORMA,NEINOR HOMES SA,0.6153846153846154
NEW WORLD DEVELOPMENT,NEW WORLD DEVELOPMENT COMPANY LTD.,0.7636363636363637
NEWCREST MINING,NEWCREST MINING LIMITED,0.7894736842105263
NEWELL BRANDS,NEWELL BRANDS INC.,0.8387096774193549
NEWMONT CORP,NEWMONT CORPORATION,0.7741935483870968
NEWS CORP A,NEWS CORP CLASS A,0.7857142857142857
NEXI,NEXI SPA,0.6666666666666666
NEXON CO,NEXON CO LTD,0.8
NEXT,NEXT PLC,0.6666666666666666
NEXTERA ENERGY,NEXTERA ENERGY INC,0.875
NGK INSULATORS,NGK INSULATORS LTD,0.875
NIBE INDUSTRIER B,NIBE INDUSTRIER AB,0.9714285714285714
NICE,NICE LTD,0.6666666666666666
NIDEC CORP,NEC CORP,0.8888888888888888
NIHON M&A CENTER HLDGS,NIHON M&A CENTER INC.,0.7906976744186046
NIKE B,NIKE INC,0.7142857142857143
NINTENDO CO,"NINTENDO CO., LTD",0.7857142857142857
NIPPON BUILDING FUND,NIPPON BUILDING FUND INC.,0.8888888888888888
NIPPON EXPRESS HLDGS,NIPPON EXPRESS CO LTD,0.8292682926829268
NIPPON PAINT HOLDINGS CO,NIPPON PAINT HOLDINGS CO LTD,0.9230769230769231
NIPPON PROLOGIS REIT,"NIPPON PROLOGIS REIT,INC.",0.8888888888888888
NIPPON SANSO HOLDINGS,NIPPON PAINT HOLDINGS CO LTD,0.7346938775510204
NIPPON SHINYAKU CO,"NIPPON SHINYAKU CO.,LTD.",0.8571428571428571
NIPPON STEEL CORP,NIPPON STEEL CORP,1.0
NIPPON YUSEN K.K,NIHON SEIKAN K.K.,0.7272727272727273
NISOURCE (NEW),NISOURCE INC.,0.7407407407407407
NISSAN CHEMICAL,NISSAN CHEMICAL CORP,0.8571428571428571
NISSAN MOTOR CO,NISSAN MOTOR CO LTD,0.8823529411764706
NISSHIN SEIFUN GROUP,NISSHIN SEIFUN GROUP INC.,0.8888888888888888
NISSIN FOODS HOLDINGS CO,"NISSIN FOODS HOLDINGS CO.,LTD.",0.8888888888888888
NITORI HOLDINGS CO,NITORI HOLDINGS CO LTD,0.9
NITTO DENKO CORP,NITTO DENKO CORPORATION,0.8205128205128205
NN GROUP,NN GROUP NV,0.8421052631578947
NOKIA CORP,NOKIA CORPORATION,0.7407407407407407
NOMURA HOLDINGS,NOMURA HOLDINGS INC,0.8823529411764706
NOMURA REAL EST MF (NEW),"NOMURA REAL ESTATE MASTER FUND,INC.",0.6440677966101694
NOMURA REAL ESTATE HLDG,"NOMURA REAL ESTATE HOLDINGS,INC.",0.8363636363636363
NOMURA RESEARCH INST,NOMURA RESEARCH INSTITUTE LTD,0.8163265306122449
NORDEA BANK,NORDEA BANK ABP,0.8461538461538461
NORDSON CORP,NORDSON CORPORATION,0.7741935483870968
NORFOLK SOUTHERN CORP,NORFOLK SOUTHERN CORPORATION,0.8571428571428571
NORSK HYDRO,NORSK HYDRO ASA,0.8461538461538461
NORTHERN STAR RESOURCES,NORTHERN STAR RESOURCES LTD,0.92
NORTHERN TRUST CORP,NORTHERN TRUST CORPORATION,0.8444444444444444
NORTHLAND POWER,NORTHLAND POWER INC.,0.8571428571428571
NORTHROP GRUMMAN CORP,NORTHROP GRUMMAN CORPORATION,0.8571428571428571
NOVARTIS,NOVARTIS AG,0.8421052631578947
NOVO NORDISK B,NOVO NORDISK A/S,0.8666666666666667
NOVOCURE,NOVOCURE LTD,0.8
NOVOZYMES B,NOVOZYMES A/S,0.8333333333333334
NRG ENERGY,NRG ENERGY INC,0.8333333333333334
NTT CORP,NTT DATA CORP,0.7619047619047619
NTT DATA CORP,NTT DATA CORP,1.0
NUCOR CORP,NEC CORP,0.7777777777777778
NUTRIEN,NUTRIEN LTD,0.7777777777777778
NUVEI CORPORATION SV,NUVEI CORPORATION,0.918918918918919
NVIDIA,NVOI LTD,0.5714285714285714
NVR,NVE CORP,0.5454545454545454
NXP SEMICONDUCTORS (US),NXP SEMICONDUCTORS NV,0.8636363636363636
O'REILLY AUTOMOTIVE,O'REILLY AUTOMOTIVE INC,0.9047619047619048
OBAYASHI CORP,OBAYASHI CORP,1.0
OBIC CO,"OBIC CO.,LTD.",0.7
OCADO GROUP,OCADO GROUP PLC,0.8461538461538461
OCBC BANK,OPUS BANK,0.6666666666666666
OCCIDENTAL PETROLEUM,OCCIDENTAL PETROLEUM CORPORATION,0.7692307692307693
OCI NV,OCI NV,1.0
ODAKYU ELECTRIC RAILWAY,"ODAKYU ELECTRIC RAILWAY CO.,LTD.",0.8363636363636363
OJI HOLDINGS CORP,OJI HOLDINGS CORP,1.0
OKTA,"OKTA, INC.",0.5714285714285714
OLD DOMINION FREIGHT,"OLD DOMINION FREIGHT LINE, INC.",0.7843137254901961
OLYMPUS CORP,OLYMPUS CORP,1.0
OMNICOM GROUP,OMNICOM GROUP INC.,0.8387096774193549
OMRON CORP,OMRON CORPORATION,0.7407407407407407
OMV AG,OMV AG,1.0
ON SEMICONDUCTOR CORP,ON SEMICONDUCTOR CORP,1.0
ONEOK,"ONEOK, INC.",0.625
ONEX CORP,OPEN TEXT CORP,0.782608695652174
ONO PHARMACEUTICAL CO,"ONO PHARMACEUTICAL CO.,LTD.",0.875
OPEN HOUSE GROUP CO,OPEN HOUSE CO LTD,0.7222222222222222
OPEN TEXT CORP,OPEN TEXT CORP,1.0
ORACLE CORP,ORACLE CORPORATION,0.7586206896551724
ORACLE CORP JAPAN,ORACLE CORPORATION JAPAN,0.8292682926829268
ORANGE,ORANGE SA,0.8
ORICA,ORICA LTD,0.7142857142857143
ORIENTAL LAND CO,"ORIENTAL LAND CO.,LTD.",0.8421052631578947
ORIGIN ENERGY,ORIGIN ENERGY LTD,0.8666666666666667
ORION-YHTYMAE B,ORION OYJ CLASS B,0.5625
ORIX CORP,ORIX CORPORATION,0.72
ORKLA,ORKLA ASA,0.7142857142857143
ORSTED,OERSTED A/S,0.7058823529411765
OSAKA GAS CO,OSAKA GAS CO LTD,0.8571428571428571
OTIS WORLDWIDE,OTIS WORLDWIDE CORPORATION,0.7
OTSUKA CORP,OKUMA CORP,0.7619047619047619
OTSUKA HOLDINGS CO,OTSUKA HOLDINGS CO LTD,0.9
OVINTIV(US),ORIENT ABRASIVES LTD.,0.4375
OWENS CORNING,OWENS CORNING,1.0
P G & E CORP,PG&E CORPORATION,0.6428571428571429
PACCAR,PACCAR INC,0.75
PACKAGING CORP OF AMER,PACKAGING CORP OF AMERICA,0.9361702127659575
PALANTIR TECHNOLOGIES A,PALANTIR TECHNOLOGIES INC.,0.8979591836734694
PALO ALTO NETWORKS,PALO ALTO NETWORKS INC,0.9
PAN AMERICAN SILVER CORP,PAN AMERICAN SILVER CORP.,0.9795918367346939
PAN PACIFIC INTL HLDGS,PAN PACIFIC INTERNATIONAL HOLDINGS CORP.,0.7096774193548387
PANASONIC HOLDINGS CORP,PENSONIC HOLDINGS BHD,0.7727272727272727
PANDORA,PANDORA A/S,0.7777777777777778
PARAMOUNT GLOBAL B,PARAMOUNT GROUP INC,0.7027027027027027
PARKER HANNIFIN CORP,PARKER-HANNIFIN CORP,0.95
PARKLAND,PARKD LTD,0.7058823529411765
PARTNERS GROUP HOLDING,PARTNERS GROUP HOLDING,1.0
PATTINSON (WASHINGTON),PAION AG,0.5333333333333333
PAYCHEX,"PAYCHEX, INC.",0.7
PAYCOM SOFTWARE,PAYCOM SOFTWARE INC,0.8823529411764706
PAYLOCITY HOLDING CORP,PAYLOCITY HOLDING CORP,1.0
PAYPAL HOLDINGS,PAYPAL HOLDINGS INC,0.8823529411764706
PEARSON,PEARSON PLC,0.7777777777777778
PEMBINA PIPELINE,PEMBINA PIPELINE CORP,0.8648648648648649
PENTAIR PLC,PENTAIR PLC,1.0
PEPSICO,"PEPSICO, INC.",0.7
PERKINELMER,"PERKINELMER, INC.",0.7857142857142857
PERNOD RICARD,PERNOD RICARD SA,0.896551724137931
PERSIMMON,PERSIMMON PLC,0.8181818181818182
PERSOL HOLDINGS CO,PERSOL HOLDINGS CO LTD,0.9
PFIZER,PFIZER INC.,0.7058823529411765
PHILIP MORRIS INTL,PHILIP MORRIS C/SH,0.7777777777777778
PHILLIPS 66,PHILLIPS 66,1.0
PHOENIX GROUP HOLDINGS,PHOENIX GROUP HOLDINGS,1.0
PILBARA MINERALS,PILBARA MINERALS LTD,0.8888888888888888
PINTEREST A,"PINTEREST, INC.",0.7692307692307693
PIONEER NATURAL RES,PIONEER NATURAL RESOURCES,0.8636363636363636
PLUG POWER,PLUG POWER INC,0.8333333333333334
PNC FINL SERVICES GROUP,PNC FINANCIAL SERVICES GROUP INC,0.8363636363636363
POOL CORP,PPL CORP,0.8235294117647058
PORSCHE AUTOMOBIL VZG,PORSCHE AUTOMOBIL HOLDING SE,0.7755102040816326
PORSCHE VORZUG,POWERORE ORD,0.5384615384615384
POSTE ITALIANE,POSTE ITALIANE SPA,0.875
POWER ASSETS HOLDINGS,POWER ASSETS HOLDINGS LTD,0.9130434782608695
POWER CORP OF CANADA,POWER CORPORATION OF CANADA,0.851063829787234
PPG INDUSTRIES,"PPG INDUSTRIES, INC.",0.8235294117647058
PPL CORP,PPL CORP,1.0
PRICE (T. ROWE) GROUP,PRIMERO GROUP LTD,0.631578947368421
PRINCIPAL FINANCIAL GRP,PRINCIPAL FINANCIAL GROUP INC,0.8846153846153846
PROCTER & GAMBLE CO,PROCTER & GAMBLE CO,1.0
PROGRESSIVE CORP,PROGRESSIVE CORP,1.0
PROLOGIS,PROLOGIS INC,0.8
PROSUS N,PROSUS N.V.,0.8421052631578947
PRUDENTIAL,PRUDENTIAL PLC,0.8333333333333334
PRUDENTIAL FINANCIAL,PRUDENTIAL FINANCIAL INC,0.9090909090909091
PRYSMIAN,PRYSMIAN SPA,0.8
PTC,PTC INC,0.6
PUBLIC SERVICE ENT GRP,PUBLIC SERVICE ENTERPRISE GROUP INC.,0.7586206896551724
PUBLIC STORAGE,PUBLIC STORAGE,1.0
PUBLICIS GROUPE,PUBLICIS GROUPE SA,0.9090909090909091
PULTEGROUP,"PULTEGROUP, INC.",0.7692307692307693
PUMA,PUMA,1.0
QANTAS AIRWAYS,QANTAS AIRWAYS LIMITED,0.7777777777777778
QBE INSURANCE GROUP,QBE INSURANCE GROUP LTD,0.9047619047619048
QIAGEN,QIAGEN NV,0.8
QORVO,QORVO INC,0.7142857142857143
QUALCOMM,"QUALCOMM, INC.",0.7272727272727273
QUANTA SERVICES,QUANTA SERVICES INC,0.8823529411764706
QUEBECOR B,QUEBECOR INC.,0.782608695652174
QUEST DIAGNOSTICS,QUEST DIAGNOSTICS INC,0.8947368421052632
RAKUTEN GROUP,RASTAR GROUP,0.72
RAMSAY HEALTH CARE,RAMSAY HEALTH CARE LIMITED,0.8181818181818182
RANDSTAD NV,RANDSTAD NV,1.0
RATIONAL,RATIONAL AG,0.8421052631578947
RAYMOND JAMES FINANCIAL,"RAYMOND JAMES FINANCIAL, INC.",0.8846153846153846
RAYTHEON TECHNOLOGIES,RAYTHEON TECHNOLOGIES CORPORATION,0.7777777777777778
REA GROUP,RASTAR GROUP,0.7619047619047619
REALTY INCOME CORP,REALTY INCOME CORP,1.0
RECKITT BENCKISER GROUP,RECKITT BENCKISER GROUP PLC,0.92
RECORDATI,RECORDATI SPA,0.8181818181818182
RECRUIT HOLDINGS CO,RECRUIT HOLDINGS CO LTD,0.9047619047619048
RED ELECTRICA CORP,RED ELECTRICA CORPORACION SA,0.782608695652174
REECE,REECE LTD,0.7142857142857143
REGENCY CENTERS CORP,REGENCY CENTERS CORP,1.0
REGENERON PHARMACEUTICAL,REGENERON PHARMACEUTICALS INC,0.9056603773584906
REGIONS FINANCIAL (NEW),REGIONS FINANCIAL CORP,0.8
RELIANCE STEEL & ALUM,RELIANCE STEEL & ALUMINUM CO,0.8571428571428571
RELX (GB),RELX NV,0.625
REMY COINTREAU,REMY COINTREAU,1.0
RENAULT,RENAULT SA,0.8235294117647058
RENESAS ELECTRONICS CORP,RENESAS ELECTRONICS CORPORATION,0.8727272727272727
RENTOKIL INITIAL,RENTOKIL INITIAL PLC,0.8888888888888888
REPLIGEN CORP,REPLIGEN CORPORATION,0.7878787878787878
REPSOL,REPSOL SA,0.8
REPUBLIC SERVICES,"REPUBLIC SERVICES, INC.",0.85
RESMED,RESMED INC.,0.7058823529411765
RESONA HOLDINGS,RESONA HOLDINGS INC,0.8823529411764706
RESTAURANT BRANDS INT,RESTAURANT BRANDS INTERNATIONAL LP,0.7636363636363637
RHEINMETALL,RHEINMETALL AG,0.88
RICOH CO,RICOH CO LTD,0.8
RIO TINTO LTD (AU),RIO TINTO LIMITED,0.7428571428571429
RIO TINTO PLC (GB),RIO TINTO PLC,0.8387096774193549
RIOCAN REIT,REGIONAL REIT LTD,0.6428571428571429
RITCHIE BROS AUCTIONEER,RITCHIE BROS. AUCTIONEERS INC,0.8846153846153846
RIVIAN AUTOMOTIVE A,RISANAMENTO SPA,0.5294117647058824
ROBERT HALF INTL,ROBERT HALF INTERNATIONAL INC.,0.6956521739130435
ROBLOX CORP A,ROTOBLOCK CORP.,0.7142857142857143
ROCHE HOLDING GENUSS,ROCHE HOLDING AG,0.8333333333333334
ROCHE HOLDING INHABER,ROCHE HOLDING AG,0.8108108108108109
ROCKWELL AUTOMATION,ROCKWELL AUTOMATION,1.0
ROCKWOOL B,ROCTOOL SA,0.7
ROGERS COMMUNICATIONS B,ROGERS COMMUNICATIONS INC.,0.8979591836734694
ROHM CO,"ROHM CO., LTD.",0.6666666666666666
ROKU A,"ROKU, INC.",0.625
ROLLINS,"ROLLINS, INC.",0.7
ROLLS-ROYCE GROUP,ROLLS-ROYCE HOLDING PLC,0.7
ROPER TECHNOLOGIES,ROPER TECHNOLOGIES INC,0.9
ROSS STORES,"ROSS STORES, INC.",0.7857142857142857
ROYAL BANK OF CANADA,ROYAL BANK OF CANADA,1.0
ROYAL CARIBBEAN GROUP,ROYAL CARIBBEAN CRUISES LTD,0.75
ROYALTY PHARMA A,RAQUALIA PHARMA INC.,0.6111111111111112
RPM INTL,"RPC, INC.",0.5882352941176471
RWE STAMM,RWE AG,0.6666666666666666
S&P GLOBAL,S&P GLOBAL INC,0.8333333333333334
SAFRAN,SAFRAN SA,0.8
SAGAX B,SAGAX AB,0.9333333333333333
SAGE GROUP (THE),SRE GROUP LTD,0.6896551724137931
SAINSBURY (J),SANSUY S.A.,0.5833333333333334
SAINT-GOBAIN,SETNET GLOBAL INC,0.6206896551724138
SALESFORCE,"SALESFORCE.COM, INC.",0.6666666666666666
SALMAR,SALMAR ASA,0.75
SAMPO A,SAMPO OYJ,0.75
SANDS CHINA,SANDS CHINA LTD.,0.8148148148148148
SANDVIK,SANDVIK AB,0.8235294117647058
SANOFI,SANOFI,1.0
SANTOS,SANTOS LTD,0.75
SAP,SAP SE,0.6666666666666666
SAPUTO,SAPUTO INC.,0.7058823529411765
SARTORIUS STEDIM BIOTECH,SARTORIUS STEDIM BIOTECH SA,0.9411764705882353
SARTORIUS VORZUG,SARTORIUS AG,0.7857142857142857
SBA COMMUNICATIONS A,SPIR COMMUNICATION SA,0.8292682926829268
SBI HOLDINGS,"SBI HOLDINGS,INC.",0.8275862068965517
SCA B,SAS AB,0.7272727272727273
SCENTRE GROUP,SCENTRE GROUP,1.0
SCHINDLER HOLDING NAMEN,SCHINDLER HOLDING AG,0.8837209302325582
SCHINDLER HOLDING PART,SCHINDLER HOLDING AG,0.9047619047619048
SCHLUMBERGER,SCHLUMBERGER LT/SH,0.8
SCHNEIDER ELECTRIC,SCHNEIDER ELECTRIC,1.0
SCHRODERS,SCHRODERS PLC,0.8181818181818182
SCHWAB (CHARLES) CORP,SCHWAB CHARLES/ADR,0.7692307692307693
SCOUT24,SCOUT24 AG,0.8235294117647058
SCSK CORP,SCSK CORP,1.0
SEA A ADR,SBERBANK RUSSIA/S ADR,0.6
SEAGATE TECHNOLOGY,SEAGATE TECHNOLOGY PLC,0.9
SEAGEN,SPAREBANKEN,0.5882352941176471
SEALED AIR CORP,SEALED AIR CORP,1.0
SEB,SBW,0.6666666666666666
SECOM CO,SECOM CO LTD,0.8
SECURITAS B,SECURITAS AB,0.9565217391304348
SEEK,SEEKA LTD,0.6153846153846154
SEGRO,SEGRO PLC,0.7142857142857143
SEI INVESTMENTS CO,SEI INVESTMENTS COMPANY,0.8780487804878049
SEIKO EPSON CORPORATION,SEIKO EPSON CORPORATION,1.0
SEKISUI CHEMICAL CO,SEKISUI CHEMICAL CO LTD,0.9047619047619048
SEKISUI HOUSE,SEKISUI HOUSE LTD,0.8666666666666667
SEMPRA ENERGY,SEMPRA ENERGY,1.0
SENSATA TECH HLDG,SENSATA TECHNOLOGIES HOLDING PLC,0.6938775510204082
SERVICENOW,SERVICENOW INC,0.8333333333333334
SEVEN & I HOLDINGS CO,"SEVEN & I HOLDINGS CO.,LTD.",0.875
SEVERN TRENT,SEVERN TRENT PLC,0.8571428571428571
SG HOLDINGS CO,SC HOLDINGS CORP.,0.8387096774193549
SGS,SGS SA,0.6666666666666666
SHARP CORP,SABRE CORP,0.8
SHAW COMMUNICATIONS B,SHAW COMMUNICATIONS INC.,0.8888888888888888
SHELL,SHIRE PLC,0.5714285714285714
SHERWIN-WILLIAMS CO,SHERWIN-WILLIAMS CO,1.0
SHIMADZU CORP,SHIMADZU CORPORATION,0.7878787878787878
SHIMANO,SHIMANO INC.,0.7368421052631579
SHIMIZU CORP,SHIMIZU CORPORATION,0.7741935483870968
SHIN-ETSU CHEMICAL CO,SHIN-ETSU CHEMICAL CO LTD,0.9130434782608695
SHIONOGI & CO,SHIONOGI & CO LTD,0.8666666666666667
SHISEIDO CO,"SHISEIDO COMPANY,LIMITED",0.6285714285714286
SHIZUOKA FINANCIAL GROUP,SVB FINANCIAL GROUP,0.7906976744186046
SHOPIFY A,SHOPIFY INC,0.8
SIEMENS,SIEMENS AG,0.8235294117647058
SIEMENS ENERGY,SIEMENS AG,0.75
SIEMENS HEALTHINEERS,SIEMENS HEALTHINEERS AG,0.9302325581395349
SIG GROUP,SJW GROUP,0.7777777777777778
SIGNATURE BANK,SIGNATURE BANK,1.0
SIKA,SIKA AG,0.7272727272727273
SIMON PROPERTY GROUP,SIMON PROPERTY GROUP INC,0.9090909090909091
SINGAPORE AIRLINES,SINGAPORE AIRLINES LTD.,0.8780487804878049
SINGAPORE EXCHANGE,SINGAPORE EXCHANGE LIMITED,0.8181818181818182
SINGAPORE TECH ENGR,SINGAPORE TECHNOLOGIES ENGINEERING LTD,0.6666666666666666
SINGAPORE TELECOM,SINGAPORE TELECOMMUNICATIONS LIMITED,0.6415094339622641
SINO LAND,SINOMA,0.6666666666666666
SIRIUS XM HOLDINGS,SIRIUS XM HOLDINGS INC,0.9
SITC INTL HOLDINGS,SOFTFRONT HOLDINGS,0.7222222222222222
SKAND.ENSKILDA BANKEN A,SKANDINAVISKA ENSKILDA BANKEN AB (PUBL.),0.6984126984126984
SKANSKA B,SKANSKA AB,0.9473684210526315
SKF B,SAS AB,0.5454545454545454
SKYWORKS SOLUTIONS,SKYWORKS SOLUTIONS INC,0.9
SMC CORP,SMC CORP,1.0
SMITH & NEPHEW,SMITH & NEPHEW PLC,0.875
SMITH (A.O.) CORP,SUMITOMO CORP,0.6666666666666666
SMITHS GROUP,SMITHS GROUP PLC,0.8571428571428571
SMURFIT KAPPA GROUP,SMURFIT KAPPA GROUP PLC,0.9047619047619048
SNAM,SNAM SPA,0.6666666666666666
SNAP A,SNAM SPA,0.7142857142857143
SNAP-ON,SNAP INC.,0.625
SNOWFLAKE A,SNOWFLAKE INC.,0.8
SOCIETE GENERALE,SOCIETE GENERALE SA,0.9142857142857143
SODEXO,SODEXO SA,0.8
SOFINA,SOFINA SA,0.8
SOFTBANK CORP,SOFTBANK CORP.,0.9629629629629629
SOFTBANK GROUP CORP,SOFTBANK GROUP CORP.,0.9743589743589743
SOLAREDGE TECHNOLOGIES,SOLAREDGE TECHNOLOGIES INC,0.9166666666666666
SOLVAY,SOLVAY SA,0.8
SOMPO HOLDINGS,SOMPO HOLDINGS INC,0.875
SONIC HEALTHCARE,SONIC HEALTHCARE LIMITED,0.8
SONOVA HOLDING,SONOVA HOLDING AG,0.9032258064516129
SONY GROUP CORP,SOFTBANK GROUP CORP.,0.8
SOUTH 32 (AU),SOUTH32 LTD,0.6666666666666666
SOUTHERN COMPANY (THE),SOUTHERN COMPANY (THE) 2019 SER,0.8301886792452831
SOUTHWEST AIRLINES CO,SOUTHWEST AIRLINES CO,1.0
SPARK NEW ZEALAND,SPARK NEW ZEALAND LTD,0.8947368421052632
SPIRAX SARCO ENGINEERING,SPIRAX-SARCO ENGINEERING PLC,0.8846153846153846
SPLUNK,SPLUNK INC,0.75
SQUARE ENIX HOLDINGS CO,SQUARE ENIX HOLDINGS CO LTD,0.92
SS&C TECHNOLOGIES HLDGS,"SS&C TECHNOLOGIES HOLDINGS, INC.",0.8363636363636363
SSE,SAP SE,0.6666666666666666
ST JAMES'S PLACE,ST. JAMES'S PLACE PLC,0.8648648648648649
STANDARD CHARTERED,STANDARD CHARTERED PLC,0.9
STANLEY BLACK & DECKER,"STANLEY BLACK & DECKER, INC.",0.88
STARBUCKS CORP,STARBUCKS CORP/SH,0.9032258064516129
STATE STREET CORP,STATE STREET CORP,1.0
STEEL DYNAMICS,"STEEL DYNAMICS, INC.",0.8235294117647058
STELLANTIS,STELLA-JONES INC,0.6153846153846154
STERIS,STEMRIM,0.7692307692307693
STMICROELECTRONICS,STMICROELECTRONICS NV,0.9230769230769231
STOCKLAND,STOCKLAND,1.0
STORA ENSO R,STORA ENSO OYJ,0.8461538461538461
STRAUMANN HOLDING,STRAUMANN HOLDING AG,0.918918918918919
STRYKER CORP,STRYKER CORPORATION,0.7741935483870968
SUBARU CORPORATION,SUBARU CORPORATION,1.0
SUMCO,SUMCO CORP,0.6666666666666666
SUMITOMO CHEMICAL CO,SUMITOMO CHEMICAL CO LTD,0.9090909090909091
SUMITOMO CORP,SUMITOMO CORP,1.0
SUMITOMO ELECTRIC IND,"SUMITOMO ELECTRIC INDUSTRIES,LTD.",0.7777777777777778
SUMITOMO METAL MINING CO,"SUMITOMO METAL MINING CO.,LTD.",0.8888888888888888
SUMITOMO MITSUI FINL GRP,"SUMITOMO MITSUI FINANCIAL GROUP,INC.",0.8
SUMITOMO MITSUI TRUST,SUMITOMO MITSUI TRUST HOLDINGS INC,0.7636363636363637
SUMITOMO REALTY & DEV CO,"SUMITOMO REALTY & DEVELOPMENT CO.,LTD.",0.7741935483870968
SUN COMMUNITIES,SUN COMMUNITIES INC,0.8823529411764706
SUN HUNG KAI PROPERTIES,SUN HUNG KAI PROPERTIES LIMITED,0.8518518518518519
SUN LIFE FINANCIAL,SUN LIFE FINANCIAL INC,0.9
SUNCOR ENERGY,SUNCOR ENERGY INC.,0.8387096774193549
SUNCORP GROUP,SUNCORP GROUP LTD,0.8666666666666667
SUNTORY BEVERAGE & FOOD,SUNTORY BEVERAGE & FOOD LTD,0.92
SUZUKI MOTOR CORP,SUZUKI MOTOR CORP,1.0
SVB FINANCIAL GROUP,SVB FINANCIAL GROUP,1.0
SVENSKA HANDELSBK A,SVENSKA HANDELSBANKEN AB (PUBL),0.76
SWATCH GROUP INH,STARS GROUP INC,0.7096774193548387
SWATCH GROUP NAM,SWATCH GRP AG/ADR,0.7272727272727273
SWEDBANK,SWEDBANK AB,0.8421052631578947
SWEDISH ORPHAN BIOVITRUM,SWEDISH ORPHAN BIOVITRUM AB (PUBL),0.8275862068965517
SWIRE PACIFIC A,SWIRE PACIFIC LIMITED,0.7777777777777778
SWIRE PROPERTIES,SWIRE PROPERTIE/S ADR,0.8648648648648649
SWISS LIFE HOLDING,SWISS LIFE HOLDING AG,0.9230769230769231
SWISS PRIME SITE,SWISS PRIME SITE AG,0.9142857142857143
SWISS RE,SWISS RE AG,0.8421052631578947
SWISSCOM,SWISSCOM AG,0.8421052631578947
SYMRISE,SYMRISE AG,0.8235294117647058
SYNCHRONY FINANCIAL,SYNCHRONY FINANCIAL,1.0
SYNOPSYS,"SYNOPSYS, INC.",0.7272727272727273
SYSCO CORP,SUMCO CORP,0.8
SYSMEX CORP,SYSMEX CORP,1.0
T&D HOLDINGS,T&D HOLDINGS INC,0.8571428571428571
T-MOBILE US,T-MOBILE US INC,0.8461538461538461
TAISEI CORP,TAISEI CORP,1.0
TAKE-TWO INTERACTIVE SOF,"TAKE-TWO INTERACTIVE SOFTWARE, INC.",0.8135593220338984
TAKEDA PHARMACEUTICAL,TAKEDA PHARMACEUTICAL CO LTD,0.8571428571428571
TARGA RESOURCES CORP,TARGA RESOURCES CORP,1.0
TARGET CORP,TARGET CORPORATION,0.7586206896551724
TAYLOR WIMPEY,TAYLOR WIMPEY PLC,0.8666666666666667
TC ENERGY CORPORATION,TC ENERGY CORPORATION,1.0
TDK CORP,TDK CORP,1.0
TE CONNECTIVITY,TE CONNECTIVITY LTD,0.8823529411764706
TECHTRONIC INDUSTRIES CO,TECHTRONIC INDUSTRIES CO. LTD.,0.8888888888888888
TECK RESOURCES B,TEXCHEM RESOURCES BHD,0.8108108108108109
TELE2 B,TELE2 AB (PUBL),0.6363636363636364
TELECOM ITALIA,TELECOM ITALIA SPA,0.875
TELEDYNE TECHNOLOGIES,TELEDYNE TECHNOLOGIES INCORPORATED,0.7636363636363637
TELEFLEX,TELEFLEX INCORPORATED,0.5517241379310345
TELEFONICA,TELEFONICA SA,0.8695652173913043
TELEFONICA DEUTSCHLAND,TELEFONICA DEUTSCHLAND HOLDING AG,0.8
TELENOR,TELENOR ASA,0.7777777777777778
TELEPERFORMANCE,TELEPERFORMANCE SE,0.9090909090909091
TELIA CO,TELARIA INC,0.7368421052631579
TELSTRA GROUP,THE STARS GROUP INC.,0.6666666666666666
TELUS CORP VTG,TELUS CORPORATION,0.7096774193548387
TEMENOS GROUP,TEMENOS AG,0.782608695652174
TENARIS (IT),TENARIS SA,0.7272727272727273
TERADYNE,"TERADYNE, INC.",0.7272727272727273
TERNA,TERNIUM SA,0.6666666666666666
TERUMO CORP,TERUMO CORP,1.0
TESCO,TESCO PLC,0.7142857142857143
TESLA,TESLA INC,0.7142857142857143
TEVA PHARMA IND ADR,TETRA BIO PHARMA INC,0.6666666666666666
TEXAS INSTRUMENTS,TEXAS INSTRUMENTS INCORPORATED,0.723404255319149
TEXAS PACIFIC LAND,TEXAS PACIFIC LAND TRUST,0.8571428571428571
TEXTRON,TEXTRON INC.,0.7368421052631579
TFI INTERNATIONAL,TFI INTERNATIONAL INC,0.8947368421052632
THALES,THALES SA,0.8
THE CIGNA GROUP,THE BLOCKCHAIN GROUP,0.7428571428571429
THE LOTTERY CORPORATION,THE ALLSTATE CORPORATION,0.851063829787234
THERMO FISHER SCIENTIFIC,THERMO FISHER SCIENTIFIC INC.,0.9056603773584906
THOMSON REUTERS CORP,THOMSON REUTERS CORP,1.0
TIS,TIS INC,0.6
TJX COMPANIES,TJX COMPANIES INC,0.8666666666666667
TMX GROUP (NEW),TMX GROUP LTD,0.7142857142857143
TOAST A,TOYA SA,0.7142857142857143
TOBU RAILWAY CO,TOBU RAILWAY CO LTD,0.8823529411764706
TOHO CO,TORO CO,0.8571428571428571
TOKIO MARINE HOLDINGS,TOKIO MARINE HOLDINGS INC,0.9130434782608695
TOKYO ELECTRIC POWER CO,TOKYO ELECTRIC POWER COMPANY HOLDING INC,0.7301587301587301
TOKYO ELECTRON,TOKYO ELECTRON LTD,0.875
TOKYO GAS CO,TOKYO GAS CO LTD,0.8571428571428571
TOKYU CORP,TOKYU CORP,1.0
TOPPAN,"TOBA,INC.",0.5333333333333333
TORAY INDUSTRIES,TORAY INDUSTRIES INC,0.8888888888888888
TORO CO,TORO CO,1.0
TOROMONT INDUSTRIES,TOROMONT INDUSTRIES LTD,0.9047619047619048
TORONTO-DOMINION BANK,TORONTO-DOMINION BANK,1.0
TOSHIBA CORP,TOSHIBA CORP,1.0
TOSOH CORP,TS CORP,0.8235294117647058
TOTALENERGIES,TOTAL ENERGY SERVICES INC,0.6842105263157895
TOTO,TOTO LTD,0.6666666666666666
TOURMALINE OIL CORP,TOURMALINE OIL CORP,1.0
TOWER SEMICONDUCTOR,TOWER SEMICONDUCTOR LTD.,0.8837209302325582
TOYOTA INDUSTRIES CORP,TOYOTA INDUSTRIES CORPORATION,0.8627450980392157
TOYOTA MOTOR CORP,TOYOTA MOTOR CORP,1.0
TOYOTA TSUSHO,TOYOTA TSUSHO CORP,0.8387096774193549
TRACTOR SUPPLY CO,TRACTOR SUPPLY COMPANY,0.8717948717948718
TRADE DESK A,"THE TRADE DESK, INC.",0.6875
TRADEWEB MARKETS A,TRADEWEB MARKETS INC.,0.8717948717948718
TRANE TECHNOLOGIES,TRANSENSE TECHNOLOGIES PLC,0.8181818181818182
TRANSDIGM GROUP INC,"TRANSMEDICS GROUP, INC.",0.8095238095238095
TRANSUNION,TRANSUNION,1.0
TRANSURBAN GROUP,TRANSURBAN GROUP,1.0
TRAVELERS COS (THE),TRAVELERS CO CEDEAR,0.7368421052631579
TREASURY WINE ESTATES,TREASURY WINE ESTATES LTD,0.9130434782608695
TREND MICRO,TREVENA INC,0.6363636363636364
TRIMBLE,TRIMBLE INC,0.7777777777777778
TRUIST FINANCIAL CORP,TRUIST FINANCIAL CORPORATION,0.8571428571428571
TRYG,TRYG A/S,0.6666666666666666
TWILIO A,TWILIO INC.,0.7368421052631579
TYLER TECHNOLOGIES,"TYLER TECHNOLOGIES, INC.",0.8571428571428571
TYSON FOODS A,"TYSON FOODS, INC.",0.8
U-HAUL HOLDING NV,U-BLOX HOLDING AG,0.7058823529411765
UBER TECHNOLOGIES,"UBER TECHNOLOGIES, INC.",0.85
UBS GROUP,UBS GROUP AG,0.8571428571428571
UCB (GROUPE),UBS GROUP AG,0.6666666666666666
UDR,"UDR, INC.",0.5
UGI CORP,UGI CORP,1.0
ULTA BEAUTY,ULTA BEAUTY INC,0.8461538461538461
UMICORE,UMICORE SA,0.8235294117647058
UNI-CHARM CORP,UNICHARM CORP,0.9629629629629629
UNIBAIL-RODAMCO-WE,UNICHARM CORP,0.5161290322580645
UNICREDIT,UNICREDIT SPA,0.8181818181818182
UNILEVER PLC (GB),UNILEVER PLC,0.8275862068965517
UNION PACIFIC CORP,UNION PACIFIC CORPORATION,0.8372093023255814
UNITED INTERNET,UNITED INTERNET AG,0.9090909090909091
UNITED OVERSEAS BANK,UNITED OVERSEAS BANK LTD,0.9090909090909091
UNITED OVERSEAS LAND,UNITED OVERSEAS BANK LTD,0.8636363636363636
UNITED PARCEL SERVICE B,"UNITED PARCEL SERVICE, INC.",0.88
UNITED RENTALS,"UNITED RENTALS, INC.",0.8235294117647058
UNITED THERAPEUTICS CORP,UNITED THERAPEUTICS CORPORATION,0.8727272727272727
UNITED UTILITIES GROUP,UNITED UTILITIES GROUP PLC,0.9166666666666666
UNITEDHEALTH GROUP,UNITEDHEALTH GROUP INC,0.9
UNITY SOFTWARE,UNITY SOFTWARE INC.,0.8484848484848485
UNIVERSAL HEALTH SVCS B,"UNIVERSAL HEALTH SERVICES, INC.",0.8148148148148148
UNIVERSAL MUSIC GROUP,UNIVERSAL SYSTEM GROUP,0.7906976744186046
UPM-KYMMENE,UPM-KYMMENE OYJ,0.8461538461538461
US BANCORP,U.S. BANCORP,0.9090909090909091
USS CO,USI CORP,0.7142857142857143
VAIL RESORTS,"VAIL RESORTS, INC.",0.8
VALEO,VALEO SA,0.7692307692307693
VALERO ENERGY CORP,VALERO ENERGY CORPORATION,0.8372093023255814
VAT GROUP,VAT GROUP AG,0.8571428571428571
VEEVA SYSTEMS A,VEEVA SYSTEMS INC,0.875
VENTAS,"VENTAS, INC.",0.6666666666666666
VENTURE CORP,VERICEL CORP,0.75
VEOLIA ENVIRONNEMENT,VEOLIA ENVIRONNEMENT SA,0.9302325581395349
VERBUND A,VERBUND AG,0.9473684210526315
VERISIGN,"VERISIGN, INC.",0.7272727272727273
VERISK ANALYTICS A,"VERISK ANALYTICS, INC.",0.85
VERIZON COMMUNICATIONS,VERIZON COMMUNICATIONS INC.,0.8979591836734694
VERTEX PHARMACEUTICALS,VELOXIS PHARMACEUTICALS A/S,0.7755102040816326
VESTAS WIND SYSTEMS,VESTAS WIND SYSTEMS A/S,0.9047619047619048
VF CORP,VIAD CORP,0.75
VIATRIS,VICAT SA,0.6666666666666666
VICI PROPERTIES,VICI PROPERTIES INC.,0.8571428571428571
VICINITY CENTRES,VICINITY CENTRES,1.0
VINCI,VINCI SA,0.7692307692307693
VISA A,VISA INC,0.7142857142857143
VISTRA ENERGY,VISTRA ENERGY CORP.,0.8125
VIVENDI,VIVENDI SA,0.8235294117647058
VMWARE A,"VMWARE, INC.",0.7
VODAFONE GROUP,VODAFONE GROUP PLC,0.875
VOESTALPINE,VOESTALPINE AG,0.88
VOLKSWAGEN STAMM,VOLKSWAGEN AG,0.8275862068965517
VOLKSWAGEN VORZUG,VOLKSWAGEN AG,0.8
VOLVO A,VOSSLOH AG,0.7058823529411765
VOLVO B,VOLATI AB,0.625
VOLVO CAR B,VOLVO AB CLASS B,0.7407407407407407
VONOVIA,VONOVIA SE,0.8235294117647058
VULCAN MATERIALS CO,VULCAN MATERIALS COMPANY,0.8837209302325582
WABTEC CORP,WABTEC CORPORATION,0.7586206896551724
WALGREENS BOOTS ALLIANCE,WALGREENS BOOTS ALLIANCE INC,0.9230769230769231
WALMART,WALMART INC,0.7777777777777778
WAREHOUSES DE PAUW,WAREHOUSES DE PAUW COMM VA,0.8181818181818182
WARNER BROS DISCOVERY,WARNER MUSIC GROUP CORP.,0.5777777777777777
WARTSILA B,WARTSILA OYJ ABP,0.7692307692307693
WASTE CONNECTIONS,WASTE CONNECTIONS INC,0.8947368421052632
WASTE MANAGEMENT,"WASTE MANAGEMENT, INC.",0.8421052631578947
WATERS CORP,WATERS CORPORATION,0.7586206896551724
WEBSTER FINANCIAL CORP,WEBSTER FINANCIAL CORPORATION,0.8627450980392157
WEC ENERGY GROUP,WEC ENERGY GROUP INC,0.8888888888888888
WELCIA HOLDINGS CO,"WELCIA HOLDINGS CO.,LTD.",0.8571428571428571
WELLS FARGO & CO,WELLS FARGO & CO,1.0
WELLTOWER INC,WELLTOWER INC,1.0
WENDEL,WENDEL,1.0
WESFARMERS,WESFARMERS LTD,0.8333333333333334
WEST FRASER TIMBER,WEST FRASER TIMBER CO. LTD.,0.8
WEST JAPAN RAILWAY CO,WEST JAPAN RAILWAY COMPANY,0.8936170212765957
WEST PHARMACEUTICAL SVCS,WEST PHARMACEUTICAL SERVICES INC.,0.8421052631578947
WESTERN DIGITAL,WESTERN DIGITAL CORP,0.8571428571428571
WESTLAKE CORPORATION,WESTLAKE CHEMICAL CORPORATION,0.8163265306122449
WESTON (GEORGE),WESTMOUNT ENERGY LIMITED,0.5641025641025641
WESTPAC BANKING,WESTPAC BANKING CORP,0.8571428571428571
WESTROCK COMPANY,WESTROCK COMPANY,1.0
WEYERHAEUSER CO,WEYERHAEUSER CO,1.0
WH GROUP,WH GROUP LTD,0.8
WHARF REAL ESTATE INV,WHARF REAL ESTATE INVESTMENT COMPANY LTD,0.6885245901639344
WHEATON PRECIOUS METALS,WHEATON PRECIOUS METALS CORP,0.9019607843137255
WHIRLPOOL CORP,WHIRLPOOL CORPORATION,0.8
WHITBREAD,WHITBREAD PLC,0.8181818181818182
WILLIAMS COS,WILLIAMS COMPANIES INC,0.7058823529411765
WILLIS TOWERS WATSON,WILLIS TOWERS WATSON PUBLIC LIMITED COMPANY,0.6349206349206349
WILMAR INTERNATIONAL,WILMAR INTERNATIONAL LIMITED,0.8333333333333334
WISETECH GLOBAL,WISETECH GLOBAL LTD,0.8823529411764706
WIX.COM,WIX.COM LTD,0.7777777777777778
WOLFSPEED,WORLDSEC LIMITED,0.56
WOLTERS KLUWER,WOLTERS KLUWER,1.0
WOODSIDE ENERGY GROUP,WEC ENERGY GROUP INC,0.7317073170731707
WOOLWORTHS GROUP,WOOLWORTHS GROUP LTD,0.8888888888888888
WORKDAY A,WORKDAY INC,0.8
WORLDLINE,WORLDLINE SA,0.8571428571428571
WP CAREY,WP CAREY INC,0.8
WPP,WPP PLC,0.6
WSP GLOBAL,WSP GLOBAL INC,0.8333333333333334
WYNN RESORTS,"WYNN RESORTS, LIMITED",0.7272727272727273
XCEL ENERGY,XCEL ENERGY INC,0.8461538461538461
XERO (AU),XEROX CORP,0.5263157894736842
XINYI GLASS HOLDING CO,XINYI GLASS HOLDINGS LTD.,0.851063829787234
XYLEM,XYLEM INC,0.7142857142857143
YAKULT HONSHA CO,"YAKULT HONSHA CO.,LTD.",0.8421052631578947
YAMAHA CORP,YAMAHA CORP,1.0
YAMAHA MOTOR CO,"YAMAHA MOTOR CO.,LTD.",0.8333333333333334
YAMATO HOLDINGS CO,"YAMATO HOLDINGS CO.,LTD.",0.8571428571428571
YARA INTERNATIONAL,YARA INTERNATIONAL ASA,0.9
YASKAWA ELECTRIC CORP,YASKAWA ELECTRIC CORP,1.0
YOKOGAWA ELECTRIC CORP,YASKAWA ELECTRIC CORP,0.8837209302325582
YUM BRANDS,"YUM! BRANDS, INC.",0.7407407407407407
Z HOLDINGS CORP,ZICO HOLDINGS INC.,0.7272727272727273
ZALANDO,ZALANDO SE,0.8235294117647058
ZEBRA TECHNOLOGIES A,ZEBRA TECHNOLOGIES CORP.,0.8636363636363636
ZILLOW GROUP C,"ZILLOW GROUP, INC.",0.875
ZIMMER BIOMET HOLDINGS,ZIMMER BIOMET HOLDINGS INC,0.9166666666666666
ZOETIS A,ZOETIS INC,0.7777777777777778
ZOOM VIDEO COMM A,"ZOOM VIDEO COMMUNICATIONS, INC.",0.6666666666666666
ZOOMINFO TECH A,ZOOMINFO TECHNOLOGIES INC.,0.6829268292682927
ZOZO,"ZOZO,INC.",0.6153846153846154
ZSCALER,"ZSCALER, INC.",0.7
ZURICH INSURANCE GROUP,ZURICH INSURANCE GROUP AG,0.9361702127659575
